啊	啊	a5	a	(trợ từ ngữ khí cuối câu, tỏ ý nhấn mạnh hoặc cảm thán)
爱情	愛情	ai4qing2	àiqíng	tình yêu (nam nữ); ái tình
爱人	愛人	ai4ren5	àiren	vợ; chồng; người yêu
安静	安靜	an1jing4	ānjìng	yên tĩnh; yên lặng
安全	安全	an1quan2	ānquán	an toàn
白色	白色	bai2se4	báisè	màu trắng
班长	班長	ban1zhang3	bānzhǎng	lớp trưởng; tổ trưởng
办	辦	ban4	bàn	làm; xử lý; giải quyết
办法	辦法	ban4fa3	bànfǎ	cách; biện pháp
办公室	辦公室	ban4gong1shi4	bàngōngshì	văn phòng
半夜	半夜	ban4ye4	bànyè	nửa đêm
帮助	幫助	bang1zhu4	bāngzhù	giúp đỡ; sự giúp đỡ
饱	飽	bao3	bǎo	no
报名	報名	bao4ming2	bàomíng	đăng ký; ghi danh
报纸	報紙	bao4zhi3	bàozhǐ	báo; tờ báo
北方	北方	bei3fang1	běifāng	phương Bắc; miền Bắc
背	背	bei1, bei4	bēi, bèi	cõng; vác | lưng
比如	比如	bi3ru2	bǐrú	ví dụ; chẳng hạn
比如说	比如說	bi3ru2shuo1	bǐrúshuō	ví dụ như; chẳng hạn như
笔	筆	bi3	bǐ	bút
笔记	筆記	bi3ji4	bǐjì	ghi chép; bút ký
笔记本	筆記本	bi3ji4ben3	bǐjìběn	vở; sổ tay; máy tính xách tay
必须	必須	bi4xu1	bìxū	phải; bắt buộc phải
边	邊	bian1	biān	bên; cạnh; rìa
变	變	bian4	biàn	biến đổi; thay đổi
变成	變成	bian4cheng2	biànchéng	biến thành; trở thành
遍	遍	bian4	biàn	(lượng từ) lần (trọn một lượt); khắp nơi
表	表	biao3	biǎo	bảng; biểu; đồng hồ đeo tay
表示	表示	biao3shi4	biǎoshì	biểu thị; bày tỏ; tỏ ý
不错	不錯	bu4cuo4	bùcuò	khá tốt; không tệ; đúng vậy
不但	不但	bu4dan4	bùdàn	không những; không chỉ
不够	不夠	bu4gou4	bùgòu	không đủ
不过	不過	bu4guo4	bùguò	nhưng; chẳng qua; chỉ có điều
不太	不太	bu4tai4	bùtài	không lắm; không mấy
不要	不要	bu4yao4	bùyào	đừng; không được
不好意思	不好意思	bu4hao3yi4si5	bùhǎoyìsi	ngại; ngượng; xin lỗi (vì làm phiền)
不久	不久	bu4jiu3	bùjiǔ	không lâu; chẳng bao lâu
不满	不滿	bu4man3	bùmǎn	không hài lòng; bất mãn
不如	不如	bu4ru2	bùrú	không bằng; chi bằng
不少	不少	bu4shao3	bùshǎo	không ít; khá nhiều
不同	不同	bu4tong2	bùtóng	khác nhau; không giống
不行	不行	bu4xing2	bùxíng	không được; không xong
不一定	不一定	bu4yi1ding4	bùyīdìng	không nhất định; chưa chắc
不一会儿	不一會兒	bu4yi1hui3r5	bùyīhuǐr	chẳng mấy chốc; một lát sau
部分	部分	bu4fen5	bùfen	bộ phận; phần
才	才	cai2	cái	mới; vừa mới; tài năng
菜单	菜單	cai4dan1	càidān	thực đơn; menu
参观	參觀	can1guan1	cānguān	tham quan
参加	參加	can1jia1	cānjiā	tham gia; tham dự
草	草	cao3	cǎo	cỏ
草地	草地	cao3di4	cǎodì	bãi cỏ; thảm cỏ
层	層	ceng2	céng	(lượng từ) tầng; lớp
查	查	cha2	chá	tra; kiểm tra; điều tra
差不多	差不多	cha4bu5duo1	chàbuduō	gần như; xấp xỉ
长	長	chang2, zhang3	cháng, zhǎng	dài; chiều dài | lớn lên; trưởng
常见	常見	chang2jian4	chángjiàn	thường gặp; thường thấy
常用	常用	chang2yong4	chángyòng	thường dùng
场	場	chang3	chǎng	(lượng từ) trận, buổi; sân bãi
超过	超過	chao1guo4	chāoguò	vượt quá; vượt qua
超市	超市	chao1shi4	chāoshì	siêu thị
车辆	車輛	che1liang4	chēliàng	xe cộ; phương tiện
称	稱	cheng1	chēng	gọi là; xưng; cân
成	成	cheng2	chéng	thành; trở thành; xong
成绩	成績	cheng2ji4	chéngjì	thành tích; kết quả học tập
成为	成為	cheng2wei2	chéngwéi	trở thành
重复	重複	chong2fu4	chóngfù	lặp lại; trùng lặp
重新	重新	chong2xin1	chóngxīn	lại; làm lại từ đầu
出发	出發	chu1fa1	chūfā	xuất phát; lên đường
出国	出國	chu1guo2	chūguó	ra nước ngoài
出口	出口	chu1kou3	chūkǒu	lối ra; xuất khẩu
出门	出門	chu1men2	chūmén	ra khỏi nhà; đi xa
出生	出生	chu1sheng1	chūshēng	sinh ra; ra đời
出现	出現	chu1xian4	chūxiàn	xuất hiện
出院	出院	chu1yuan4	chūyuàn	xuất viện; ra viện
出租	出租	chu1zu1	chūzū	cho thuê
出租车	出租車	chu1zu1che1	chūzūchē	xe taxi
船	船	chuan2	chuán	thuyền; tàu
吹	吹	chui1	chuī	thổi
春节	春節	Chun1jie2	Chūnjié	Tết Nguyên Đán
春天	春天	chun1tian1	chūntiān	mùa xuân
词	詞	ci2	cí	từ (đơn vị ngôn ngữ)
词典	詞典	ci2dian3	cídiǎn	từ điển
词语	詞語	ci2yu3	cíyǔ	từ ngữ
从小	從小	cong2xiao3	cóngxiǎo	từ nhỏ; từ bé
答应	答應	da1ying5	dāying	đồng ý; nhận lời; đáp lại
打工	打工	da3gong1	dǎgōng	làm thuê; đi làm thêm
打算	打算	da3suan4	dǎsuàn	dự định; định
打印	打印	da3yin4	dǎyìn	in (ra)
大部分	大部分	da4bu4fen5	dàbùfen	phần lớn; đại bộ phận
大大	大大	da4da4	dàdà	rất nhiều; đáng kể
大多数	大多數	da4duo1shu4	dàduōshù	đại đa số; phần lớn
大海	大海	da4hai3	dàhǎi	biển cả; biển khơi
大家	大家	da4jia1	dàjiā	mọi người
大量	大量	da4liang4	dàliàng	số lượng lớn; rất nhiều
大门	大門	da4men2	dàmén	cổng lớn; cửa chính
大人	大人	da4ren5	dàren	người lớn
大声	大聲	da4sheng1	dàshēng	to tiếng; lớn tiếng
大小	大小	da4xiao3	dàxiǎo	kích thước; cỡ; to nhỏ
大衣	大衣	da4yi1	dàyī	áo khoác dài; áo măng tô
大自然	大自然	da4zi4ran2	dàzìrán	thiên nhiên
带	帶	dai4	dài	mang theo; dẫn; dây đai
带来	帶來	dai4lai2	dàilái	mang lại; đem đến
单位	單位	dan1wei4	dānwèi	đơn vị; cơ quan (nơi làm việc)
但	但	dan4	dàn	nhưng
但是	但是	dan4shi4	dànshì	nhưng; nhưng mà
蛋	蛋	dan4	dàn	trứng
当	當	dang1	dāng	làm; đảm nhiệm; lúc; đang
当时	當時	dang1shi2	dāngshí	lúc đó; khi đó
倒	倒	dao3, dao4	dǎo, dào	đổ; ngã | rót; đổ ra; ngược lại
到处	到處	dao4chu4	dàochù	khắp nơi; mọi nơi
道	道	dao4	dào	đường; đạo lý; (lượng từ) câu, món
道理	道理	dao4li5	dàoli	đạo lý; lẽ phải; lý lẽ
道路	道路	dao4lu4	dàolù	con đường; đường đi
得	得	de2, de5	dé, de	được; đạt được | (trợ từ chỉ mức độ, khả năng)
得出	得出	de2chu1	déchū	rút ra (kết luận); thu được (kết quả)
的话	的話	de5hua4	dehuà	nếu... thì
灯	燈	deng1	dēng	đèn
等到	等到	deng3dao4	děngdào	đợi đến khi; đến khi
等于	等於	deng3yu2	děngyú	bằng; tương đương với
低	低	di1	dī	thấp; cúi (đầu)
地球	地球	di4qiu2	dìqiú	Trái Đất; địa cầu
地铁	地鐵	di4tie3	dìtiě	tàu điện ngầm
地铁站	地鐵站	di4tie3zhan4	dìtiězhàn	ga tàu điện ngầm
点头	點頭	dian3tou2	diǎntóu	gật đầu
店	店	dian4	diàn	cửa hàng; tiệm
掉	掉	diao4	diào	rơi; rớt; mất
东北	東北	dong1bei3	dōngběi	đông bắc
东方	東方	dong1fang1	dōngfāng	phương Đông
东南	東南	dong1nan2	dōngnán	đông nam
冬天	冬天	dong1tian1	dōngtiān	mùa đông
懂	懂	dong3	dǒng	hiểu
懂得	懂得	dong3de5	dǒngde	hiểu được; biết
动物	動物	dong4wu4	dòngwù	động vật
动物园	動物園	dong4wu4yuan2	dòngwùyuán	sở thú; vườn bách thú
读音	讀音	du2yin1	dúyīn	cách đọc; âm đọc
度	度	du4	dù	độ (nhiệt độ, góc); trải qua
短	短	duan3	duǎn	ngắn
短信	短信	duan3xin4	duǎnxìn	tin nhắn
段	段	duan4	duàn	(lượng từ) đoạn; khúc
队	隊	dui4	duì	đội; hàng (người)
队长	隊長	dui4zhang3	duìzhǎng	đội trưởng
对话	對話	dui4hua4	duìhuà	đối thoại; hội thoại
对面	對面	dui4mian4	duìmiàn	đối diện; trước mặt
多久	多久	duo1jiu3	duōjiǔ	bao lâu
多么	多麼	duo1me5	duōme	biết bao; thật là
多数	多數	duo1shu4	duōshù	đa số; phần lớn
多云	多雲	duo1yun2	duōyún	nhiều mây
而且	而且	er2qie3	érqiě	hơn nữa; mà còn
发	發	fa1	fā	gửi; phát; phát ra
发现	發現	fa1xian4	fāxiàn	phát hiện; nhận ra
饭馆	飯館	fan4guan3	fànguǎn	quán ăn; nhà hàng
方便	方便	fang1bian4	fāngbiàn	tiện; thuận tiện
方便面	方便麵	fang1bian4mian4	fāngbiànmiàn	mì ăn liền; mì tôm
方法	方法	fang1fa3	fāngfǎ	phương pháp; cách
方面	方面	fang1mian4	fāngmiàn	phương diện; mặt
方向	方向	fang1xiang4	fāngxiàng	phương hướng; hướng
放下	放下	fang4xia4	fàngxià	đặt xuống; buông xuống
放心	放心	fang4xin1	fàngxīn	yên tâm
分开	分開	fen1kai1	fēnkāi	tách ra; chia ra; chia tay
分数	分數	fen1shu4	fēnshù	điểm số
分钟	分鐘	fen1zhong1	fēnzhōng	phút
份	份	fen4	fèn	(lượng từ) phần, suất; tờ (báo)
封	封	feng1	fēng	(lượng từ) lá (thư)
服务	服務	fu2wu4	fúwù	phục vụ; dịch vụ
复习	復習	fu4xi2	fùxí	ôn tập; ôn lại
该	該	gai1	gāi	nên; phải; đến lượt
改	改	gai3	gǎi	sửa; đổi
改变	改變	gai3bian4	gǎibiàn	thay đổi; biến đổi
干杯	乾杯	gan1bei1	gānbēi	cạn ly; nâng ly
感到	感到	gan3dao4	gǎndào	cảm thấy
感动	感動	gan3dong4	gǎndòng	cảm động; xúc động
感觉	感覺	gan3jue2	gǎnjué	cảm giác; cảm thấy
感谢	感謝	gan3xie4	gǎnxiè	cảm ơn; cảm tạ
干活儿	幹活兒	gan4huo2r5	gànhuór	làm việc; làm lụng
刚	剛	gang1	gāng	vừa mới; vừa
刚才	剛才	gang1cai2	gāngcái	vừa nãy; lúc nãy
刚刚	剛剛	gang1gang5	gānggang	vừa mới; vừa xong
高级	高級	gao1ji2	gāojí	cao cấp
高中	高中	gao1zhong1	gāozhōng	trung học phổ thông; cấp ba
个子	個子	ge4zi5	gèzi	vóc người; chiều cao
更	更	geng4	gèng	càng; hơn
公共汽车	公共汽車	gong1gong4qi4che1	gōnggòngqìchē	xe buýt
公交车	公交車	gong1jiao1che1	gōngjiāochē	xe buýt
公斤	公斤	gong1jin1	gōngjīn	ki lô gam; cân
公里	公里	gong1li3	gōnglǐ	ki lô mét; cây số
公路	公路	gong1lu4	gōnglù	đường quốc lộ; đường cái
公平	公平	gong1ping2	gōngpíng	công bằng
公司	公司	gong1si1	gōngsī	công ty
公园	公園	gong1yuan2	gōngyuán	công viên
狗	狗	gou3	gǒu	con chó
够	夠	gou4	gòu	đủ
故事	故事	gu4shi4	gùshì	câu chuyện; chuyện kể
故意	故意	gu4yi4	gùyì	cố ý; cố tình
顾客	顧客	gu4ke4	gùkè	khách hàng
关机	關機	guan1ji1	guānjī	tắt máy
关心	關心	guan1xin1	guānxīn	quan tâm; chăm lo
观点	觀點	guan1dian3	guāndiǎn	quan điểm
广场	廣場	guang3chang3	guǎngchǎng	quảng trường
广告	廣告	guang3gao4	guǎnggào	quảng cáo
国际	國際	guo2ji4	guójì	quốc tế
过来	過來	guo4lai2	guòlái	lại đây; đi lại (phía người nói)
过年	過年	guo4nian2	guònián	ăn Tết; đón năm mới
过去	過去	guo4qu4	guòqù	quá khứ; trước đây; đi qua
海	海	hai3	hǎi	biển
海边	海邊	hai3bian1	hǎibiān	bờ biển; ven biển
喊	喊	han3	hǎn	hét; kêu to; gọi
好处	好處	hao3chu5	hǎochu	lợi ích; chỗ tốt
好多	好多	hao3duo1	hǎoduō	rất nhiều; bao nhiêu
好久	好久	hao3jiu3	hǎojiǔ	khá lâu; lâu rồi
好人	好人	hao3ren2	hǎorén	người tốt
好事	好事	hao3shi4	hǎoshì	việc tốt; chuyện hay
好像	好像	hao3xiang4	hǎoxiàng	hình như; giống như
合适	合適	he2shi4	héshì	thích hợp; phù hợp; vừa
河	河	he2	hé	sông
黑	黑	hei1	hēi	đen; tối
黑板	黑板	hei1ban3	hēibǎn	bảng đen
黑色	黑色	hei1se4	hēisè	màu đen
红	紅	hong2	hóng	đỏ; được ưa chuộng
红色	紅色	hong2se4	hóngsè	màu đỏ
后来	後來	hou4lai2	hòulái	sau đó; về sau
忽然	忽然	hu1ran2	hūrán	bỗng nhiên; đột nhiên
湖	湖	hu2	hú	hồ
护照	護照	hu4zhao4	hùzhào	hộ chiếu
花园	花園	hua1yuan2	huāyuán	vườn hoa
画	畫	hua4	huà	vẽ; bức tranh
画家	畫家	hua4jia1	huàjiā	họa sĩ
画儿	畫兒	hua4r5	huàr	bức tranh; bức vẽ
坏处	壞處	huai4chu5	huàichu	điều hại; mặt xấu
坏人	壞人	huai4ren2	huàirén	người xấu; kẻ xấu
欢迎	歡迎	huan1ying2	huānyíng	hoan nghênh; chào mừng
换	換	huan4	huàn	đổi; thay
黄	黃	huang2	huáng	vàng (màu)
黄色	黃色	huang2se4	huángsè	màu vàng
回国	回國	hui2guo2	huíguó	về nước
活动	活動	huo2dong4	huódòng	hoạt động; vận động
或	或	huo4	huò	hoặc; hay
或者	或者	huo4zhe3	huòzhě	hoặc; hoặc là
机会	機會	ji1hui4	jīhuì	cơ hội; dịp
鸡	雞	ji1	jī	con gà
级	級	ji2	jí	cấp; bậc; lớp
急	急	ji2	jí	gấp; vội; sốt ruột
计划	計劃	ji4hua4	jìhuà	kế hoạch; dự định
计算机	計算機	ji4suan4ji1	jìsuànjī	máy tính
加	加	jia1	jiā	cộng; thêm
加油	加油	jia1you2	jiāyóu	cố lên!; đổ xăng
家庭	家庭	jia1ting2	jiātíng	gia đình
家长	家長	jia1zhang3	jiāzhǎng	phụ huynh; chủ gia đình
假	假	jia3	jiǎ	giả; giả dối
假期	假期	jia4qi1	jiàqī	kỳ nghỉ
检查	檢查	jian3cha2	jiǎnchá	kiểm tra; khám (bệnh)
见到	見到	jian4dao4	jiàndào	gặp được; nhìn thấy
见过	見過	jian4guo4	jiànguò	đã từng gặp
件	件	jian4	jiàn	(lượng từ) cái, chiếc (áo); việc
健康	健康	jian4kang1	jiànkāng	sức khỏe; khỏe mạnh
讲	講	jiang3	jiǎng	nói; giảng; kể
讲话	講話	jiang3hua4	jiǎnghuà	nói chuyện; phát biểu
交	交	jiao1	jiāo	nộp; giao; kết (bạn)
交给	交給	jiao1gei3	jiāogěi	giao cho; đưa cho
交朋友	交朋友	jiao1peng2you5	jiāopéngyou	kết bạn
交通	交通	jiao1tong1	jiāotōng	giao thông
角	角	jiao3	jiǎo	góc; sừng; hào (tiền)
角度	角度	jiao3du4	jiǎodù	góc độ; góc nhìn
饺子	餃子	jiao3zi5	jiǎozi	sủi cảo
脚	腳	jiao3	jiǎo	chân; bàn chân
叫作	叫作	jiao4zuo4	jiàozuò	gọi là
教师	教師	jiao4shi1	jiàoshī	giáo viên
教室	教室	jiao4shi4	jiàoshì	phòng học; lớp học
教学	教學	jiao4xue2	jiàoxué	dạy học; giảng dạy
教育	教育	jiao4yu4	jiàoyù	giáo dục
接	接	jie1	jiē	đón; nhận; nghe (điện thoại)
接到	接到	jie1dao4	jiēdào	nhận được
接受	接受	jie1shou4	jiēshòu	tiếp nhận; chấp nhận
接下来	接下來	jie1xia4lai2	jiēxiàlái	tiếp theo; sau đó
接着	接著	jie1zhe5	jiēzhe	tiếp theo; tiếp tục; đỡ lấy
街	街	jie1	jiē	phố; đường phố
节	節	jie2	jié	(lượng từ) tiết (học); đốt; ngày lễ
节目	節目	jie2mu4	jiémù	tiết mục; chương trình
节日	節日	jie2ri4	jiérì	ngày lễ; ngày hội
结果	結果	jie2guo3	jiéguǒ	kết quả; rốt cuộc
借	借	jie4	jiè	mượn; cho mượn; vay
斤	斤	jin1	jīn	cân (500 gam)
今后	今後	jin1hou4	jīnhòu	từ nay về sau; sau này
进入	進入	jin4ru4	jìnrù	đi vào; bước vào
进行	進行	jin4xing2	jìnxíng	tiến hành
近	近	jin4	jìn	gần
经常	經常	jing1chang2	jīngcháng	thường xuyên; thường
经过	經過	jing1guo4	jīngguò	đi qua; trải qua; quá trình
经理	經理	jing1li3	jīnglǐ	giám đốc; quản lý
酒	酒	jiu3	jiǔ	rượu
酒店	酒店	jiu3dian4	jiǔdiàn	khách sạn
就要	就要	jiu4yao4	jiùyào	sắp; sẽ
举	舉	ju3	jǔ	giơ lên; nâng; nêu (ví dụ)
举手	舉手	ju3shou3	jǔshǒu	giơ tay
举行	舉行	ju3xing2	jǔxíng	tổ chức; cử hành
句	句	ju4	jù	(lượng từ) câu
句子	句子	ju4zi5	jùzi	câu (ngữ pháp)
卡	卡	ka3	kǎ	thẻ | chặn; chốt kiểm soát
开机	開機	kai1ji1	kāijī	bật máy; khởi động máy
开心	開心	kai1xin1	kāixīn	vui; vui vẻ
开学	開學	kai1xue2	kāixué	khai giảng; vào học kỳ mới
看法	看法	kan4fa3	kànfǎ	cách nhìn; quan điểm; ý kiến
考生	考生	kao3sheng1	kǎoshēng	thí sinh
靠	靠	kao4	kào	dựa vào; tựa; sát bên
科	科	ke1	kē	khoa; ngành
科学	科學	ke1xue2	kēxué	khoa học
可爱	可愛	ke3ai4	kěài	đáng yêu; dễ thương
可能	可能	ke3neng2	kěnéng	có thể; khả năng
可怕	可怕	ke3pa4	kěpà	đáng sợ; khủng khiếp
可是	可是	ke3shi4	kěshì	nhưng; nhưng mà
可以	可以	ke3yi3	kěyǐ	có thể; được
克	克	ke4	kè	gam
刻	刻	ke4	kè	khắc (15 phút); khắc, chạm
客人	客人	ke4ren2	kèrén	khách
课堂	課堂	ke4tang2	kètáng	lớp học; giờ học
空气	空氣	kong1qi4	kōngqì	không khí
哭	哭	ku1	kū	khóc
快餐	快餐	kuai4can1	kuàicān	đồ ăn nhanh; cơm hộp
快点儿	快點兒	kuai4dian3r5	kuàidiǎnr	nhanh lên!; nhanh một chút
快乐	快樂	kuai4le4	kuàilè	vui vẻ; vui sướng
快要	快要	kuai4yao4	kuàiyào	sắp; sắp sửa
筷子	筷子	kuai4zi5	kuàizi	đũa
拉	拉	la1	lā	kéo; chơi (đàn kéo)
来自	來自	lai2zi4	láizì	đến từ; xuất phát từ
蓝	藍	lan2	lán	xanh lam; xanh dương
蓝色	藍色	lan2se4	lánsè	màu xanh lam
篮球	籃球	lan2qiu2	lánqiú	bóng rổ
老年	老年	lao3nian2	lǎonián	tuổi già; người già
老朋友	老朋友	lao3peng2you5	lǎopéngyou	bạn cũ; bạn lâu năm
老是	老是	lao3shi5	lǎoshi	cứ; luôn luôn; suốt ngày
离	離	li2	lí	cách; rời; xa
离开	離開	li2kai1	líkāi	rời khỏi; rời đi
礼物	禮物	li3wu4	lǐwù	quà; món quà
里头	裡頭	li3tou5	lǐtou	bên trong; phía trong
理想	理想	li3xiang3	lǐxiǎng	lý tưởng; ước mơ
例如	例如	li4ru2	lìrú	ví dụ; chẳng hạn như
例子	例子	li4zi5	lìzi	ví dụ (cụ thể)
脸	臉	lian3	liǎn	mặt; khuôn mặt
练	練	lian4	liàn	luyện; tập
练习	練習	lian4xi2	liànxí	luyện tập; bài tập
凉	涼	liang2	liáng	mát; lạnh
凉快	涼快	liang2kuai5	liángkuai	mát mẻ
亮	亮	liang4	liàng	sáng; sáng lên
辆	輛	liang4	liàng	(lượng từ) chiếc (xe)
零下	零下	ling2xia4	língxià	dưới không độ; âm độ
留	留	liu2	liú	để lại; giữ lại; ở lại
留下	留下	liu2xia4	liúxià	để lại; ở lại
留学生	留學生	liu2xue2sheng1	liúxuéshēng	lưu học sinh; du học sinh
流	流	liu2	liú	chảy; trôi; dòng
流利	流利	liu2li4	liúlì	lưu loát; trôi chảy
流行	流行	liu2xing2	liúxíng	thịnh hành; phổ biến; lan truyền
路边	路邊	lu4bian1	lùbiān	ven đường; lề đường
旅客	旅客	lü3ke4	lǚkè	hành khách; khách du lịch
旅行	旅行	lü3xing2	lǚxíng	du lịch; đi xa
旅游	旅遊	lü3you2	lǚyóu	du lịch
绿	綠	lü4	lǜ	xanh lá; xanh lục
绿色	綠色	lü4se4	lǜsè	màu xanh lá
卖	賣	mai4	mài	bán
满	滿	man3	mǎn	đầy; làm đầy
满意	滿意	man3yi4	mǎnyì	hài lòng; vừa ý
猫	貓	mao1	māo	con mèo
米	米	mi3	mǐ	gạo; mét
面	面, 麵	mian4	miàn	mặt; phía; bề mặt | mì; bột mì
面前	面前	mian4qian2	miànqián	trước mặt
名	名	ming2	míng	tên; (lượng từ) người
名称	名稱	ming2cheng1	míngchēng	tên gọi
名单	名單	ming2dan1	míngdān	danh sách
明星	明星	ming2xing1	míngxīng	ngôi sao; minh tinh
目的	目的	mu4di4	mùdì	mục đích
拿出	拿出	na2chu1	náchū	lấy ra; đưa ra
拿到	拿到	na2dao4	nádào	lấy được; nhận được
那会儿	那會兒	na4hui4r5	nàhuìr	lúc đó; hồi đó
那么	那麼	na4me5	nàme	như vậy; thế thì; chừng ấy
那时候	那時候	na4shi2hou5	nàshíhou	lúc đó; hồi đó
那样	那樣	na4yang4	nàyàng	như thế; như vậy
南方	南方	nan2fang1	nánfāng	phương Nam; miền Nam
难过	難過	nan2guo4	nánguò	buồn; khó chịu trong người
难看	難看	nan2kan4	nánkàn	xấu; khó coi
难受	難受	nan2shou4	nánshòu	khó chịu; khổ sở
难题	難題	nan2ti2	nántí	bài toán khó; vấn đề nan giải
难听	難聽	nan2ting1	nántīng	khó nghe; chói tai; thô tục
能够	能夠	neng2gou4	nénggòu	có thể; có khả năng
年级	年級	nian2ji2	niánjí	khối lớp (ở trường)
年轻	年輕	nian2qing1	niánqīng	trẻ; trẻ tuổi
鸟	鳥	niao3	niǎo	con chim
弄	弄	nong4	nòng	làm; xoay xở; nghịch
努力	努力	nu3li4	nǔlì	cố gắng; nỗ lực; chăm chỉ
爬	爬	pa2	pá	bò; leo; trèo
爬山	爬山	pa2shan1	páshān	leo núi
怕	怕	pa4	pà	sợ; e rằng
排	排	pai2	pái	xếp; hàng; dãy
排队	排隊	pai2dui4	páiduì	xếp hàng
排球	排球	pai2qiu2	páiqiú	bóng chuyền
碰	碰	peng4	pèng	chạm; va; đụng
碰到	碰到	peng4dao4	pèngdào	gặp phải; đụng phải
碰见	碰見	peng4jian4	pèngjiàn	gặp tình cờ; chạm mặt
篇	篇	pian1	piān	(lượng từ) bài (văn, báo)
便宜	便宜	pian2yi5	piányi	rẻ
片	片	pian4	piàn	(lượng từ) viên (thuốc); miếng; lát
漂亮	漂亮	piao4liang5	piàoliang	đẹp; xinh
平	平	ping2	píng	bằng phẳng; hòa (tỉ số)
平安	平安	ping2an1	píngān	bình an; bình yên
平常	平常	ping2chang2	píngcháng	bình thường; thường ngày
平等	平等	ping2deng3	píngděng	bình đẳng
平时	平時	ping2shi2	píngshí	ngày thường; lúc bình thường
瓶	瓶	ping2	píng	(lượng từ) chai; lọ
瓶子	瓶子	ping2zi5	píngzi	cái chai; cái lọ
普通	普通	pu3tong1	pǔtōng	phổ thông; bình thường
普通话	普通話	pu3tong1hua4	pǔtōnghuà	tiếng Phổ thông (Trung Quốc)
其他	其他	qi2ta1	qítā	khác; những cái khác
其中	其中	qi2zhong1	qízhōng	trong đó
骑	騎	qi2	qí	cưỡi; đi (xe đạp, xe máy)
骑车	騎車	qi2che1	qíchē	đi xe đạp; đi xe máy
起飞	起飛	qi3fei1	qǐfēi	cất cánh
气	氣	qi4	qì	khí; hơi; tức giận
气温	氣溫	qi4wen1	qìwēn	nhiệt độ không khí
千	千	qian1	qiān	nghìn
千克	千克	qian1ke4	qiānkè	ki lô gam
前年	前年	qian2nian2	qiánnián	năm kia
墙	牆	qiang2	qiáng	tường; bức tường
青年	青年	qing1nian2	qīngnián	thanh niên
青少年	青少年	qing1shao4nian2	qīngshàonián	thanh thiếu niên
轻	輕	qing1	qīng	nhẹ; nhẹ nhàng
清楚	清楚	qing1chu5	qīngchu	rõ ràng; hiểu rõ
晴	晴	qing2	qíng	nắng; quang đãng
晴天	晴天	qing2tian1	qíngtiān	trời nắng; ngày quang đãng
请客	請客	qing3ke4	qǐngkè	mời khách; đãi khách
请求	請求	qing3qiu2	qǐngqiú	yêu cầu; thỉnh cầu; xin
秋天	秋天	qiu1tian1	qiūtiān	mùa thu
求	求	qiu2	qiú	cầu; xin; tìm
球场	球場	qiu2chang3	qiúchǎng	sân bóng
球队	球隊	qiu2dui4	qiúduì	đội bóng
球鞋	球鞋	qiu2xie2	qiúxié	giày thể thao
取	取	qu3	qǔ	lấy; rút (tiền)
取得	取得	qu3de2	qǔdé	đạt được; giành được
全	全	quan2	quán	toàn bộ; cả; đầy đủ
全部	全部	quan2bu4	quánbù	toàn bộ; tất cả
全国	全國	quan2guo2	quánguó	toàn quốc; cả nước
全家	全家	quan2jia1	quánjiā	cả nhà; cả gia đình
全年	全年	quan2nian2	quánnián	cả năm; suốt năm
全身	全身	quan2shen1	quánshēn	toàn thân; cả người
全体	全體	quan2ti3	quántǐ	toàn thể; tất cả mọi người
然后	然後	ran2hou4	ránhòu	sau đó; rồi thì
让	讓	rang4	ràng	để cho; cho phép; nhường
热情	熱情	re4qing2	rèqíng	nhiệt tình; nồng nhiệt
人口	人口	ren2kou3	rénkǒu	dân số; nhân khẩu
人们	人們	ren2men5	rénmen	mọi người; người ta
人数	人數	ren2shu4	rénshù	số người
认为	認為	ren4wei2	rènwéi	cho rằng; nghĩ rằng
日报	日報	ri4bao4	rìbào	nhật báo; báo hằng ngày
日子	日子	ri4zi5	rìzi	ngày tháng; cuộc sống; ngày (đã định)
如果	如果	ru2guo3	rúguǒ	nếu; nếu như
入口	入口	ru4kou3	rùkǒu	lối vào; cửa vào
商量	商量	shang1liang5	shāngliang	bàn bạc; thương lượng
商人	商人	shang1ren2	shāngrén	thương nhân; người buôn bán
上周	上周	shang4zhou1	shàngzhōu	tuần trước
少数	少數	shao3shu4	shǎoshù	thiểu số; số ít
少年	少年	shao4nian2	shàonián	thiếu niên
身边	身邊	shen1bian1	shēnbiān	bên cạnh (mình); bên người
什么样	什麼樣	shen2me5yang4	shénmeyàng	như thế nào; kiểu gì
生	生	sheng1	shēng	sinh; sống; sống (chưa chín)
生词	生詞	sheng1ci2	shēngcí	từ mới
生活	生活	sheng1huo2	shēnghuó	cuộc sống; sinh sống
声音	聲音	sheng1yin1	shēngyīn	âm thanh; giọng nói
省	省	sheng3, xing3	shěng, xǐng	tỉnh; tiết kiệm | xem xét; tự kiểm điểm
十分	十分	shi2fen1	shífēn	rất; hết sức
实际	實際	shi2ji4	shíjì	thực tế
实习	實習	shi2xi2	shíxí	thực tập
实现	實現	shi2xian4	shíxiàn	thực hiện; đạt được
实在	實在	shi2zai4	shízài	thật sự; quả thực; thật thà
食物	食物	shi2wu4	shíwù	thức ăn; thực phẩm
使用	使用	shi3yong4	shǐyòng	sử dụng; dùng
市	市	shi4	shì	thành phố; chợ
市长	市長	shi4zhang3	shìzhǎng	thị trưởng
事情	事情	shi4qing5	shìqing	việc; chuyện
收	收	shou1	shōu	nhận; thu; cất
收到	收到	shou1dao4	shōudào	nhận được
收入	收入	shou1ru4	shōurù	thu nhập
手表	手錶	shou3biao3	shǒubiǎo	đồng hồ đeo tay
受到	受到	shou4dao4	shòudào	nhận được; chịu (ảnh hưởng)
舒服	舒服	shu1fu5	shūfu	thoải mái; dễ chịu
熟	熟	shu2	shú	chín; quen; thành thạo
数	數	shu4	shù	số; con số
数字	數字	shu4zi4	shùzì	chữ số; con số
水平	水平	shui3ping2	shuǐpíng	trình độ; mức
顺利	順利	shun4li4	shùnlì	thuận lợi; suôn sẻ
说明	說明	shuo1ming2	shuōmíng	giải thích; thuyết minh; chứng tỏ
司机	司機	si1ji1	sījī	tài xế; lái xe
送到	送到	song4dao4	sòngdào	đưa đến; giao đến
送给	送給	song4gei3	sònggěi	tặng cho; gửi cho
算	算	suan4	suàn	tính; coi như
虽然	雖然	sui1ran2	suīrán	tuy; tuy rằng; mặc dù
随便	隨便	sui2bian4	suíbiàn	tùy ý; tùy tiện; sao cũng được
随时	隨時	sui2shi2	suíshí	bất cứ lúc nào
所以	所以	suo3yi3	suǒyǐ	cho nên; vì vậy
所有	所有	suo3you3	suǒyǒu	tất cả; toàn bộ
它	它	ta1	tā	nó (đồ vật, con vật)
它们	它們	ta1men5	tāmen	chúng (đồ vật, con vật)
太太	太太	tai4tai5	tàitai	bà; phu nhân; vợ
太阳	太陽	tai4yang5	tàiyang	mặt trời
态度	態度	tai4du5	tàidu	thái độ
讨论	討論	tao3lun4	tǎolùn	thảo luận; bàn luận
套	套	tao4	tào	(lượng từ) bộ; chụp lên; bao
特别	特別	te4bie2	tèbié	đặc biệt; nhất là
特点	特點	te4dian3	tèdiǎn	đặc điểm
疼	疼	teng2	téng	đau; thương yêu
提	提	ti2	tí	xách; nêu ra; nâng lên
提出	提出	ti2chu1	tíchū	đưa ra; nêu ra
提到	提到	ti2dao4	tídào	nhắc đến; đề cập
提高	提高	ti2gao1	tígāo	nâng cao; cải thiện
题	題	ti2	tí	đề bài; câu hỏi
体育	體育	ti3yu4	tǐyù	thể dục thể thao
体育场	體育場	ti3yu4chang3	tǐyùchǎng	sân vận động
体育馆	體育館	ti3yu4guan3	tǐyùguǎn	nhà thi đấu
天上	天上	tian1shang4	tiānshàng	trên trời
条	條	tiao2	tiáo	(lượng từ) con (cá); cái (quần); tin
条件	條件	tiao2jian4	tiáojiàn	điều kiện
听讲	聽講	ting1jiang3	tīngjiǎng	nghe giảng
听说	聽說	ting1shuo1	tīngshuō	nghe nói
停	停	ting2	tíng	dừng; ngừng; đỗ (xe)
停车	停車	ting2che1	tíngchē	đỗ xe; dừng xe
停车场	停車場	ting2che1chang3	tíngchēchǎng	bãi đỗ xe
挺	挺	ting3	tǐng	khá; rất; thẳng
挺好	挺好	ting3hao3	tǐnghǎo	khá tốt; tốt lắm
通	通	tong1	tōng	thông; thông suốt; hiểu rõ
通过	通過	tong1guo4	tōngguò	đi qua; thông qua
通知	通知	tong1zhi1	tōngzhī	thông báo
同时	同時	tong2shi2	tóngshí	đồng thời; cùng lúc
同事	同事	tong2shi4	tóngshì	đồng nghiệp
同样	同樣	tong2yang4	tóngyàng	giống nhau; như nhau
头	頭	tou2, tou5	tóu, tou	đầu; đầu tiên | (hậu tố danh từ)
头发	頭髮	tou2fa5	tóufa	tóc
图片	圖片	tu2pian4	túpiàn	hình ảnh; tranh ảnh
推	推	tui1	tuī	đẩy
腿	骽	tui3	tuǐ	chân; đùi
外地	外地	wai4di4	wàidì	nơi khác; ngoại tỉnh
外卖	外賣	wai4mai4	wàimài	đồ ăn mang đi; giao đồ ăn tận nơi
完	完	wan2	wán	xong; hết
完成	完成	wan2cheng2	wánchéng	hoàn thành
完全	完全	wan2quan2	wánquán	hoàn toàn
晚安	晚安	wan3an1	wǎnān	chúc ngủ ngon
晚报	晚報	wan3bao4	wǎnbào	báo buổi chiều
晚餐	晚餐	wan3can1	wǎncān	bữa tối
晚会	晚會	wan3hui4	wǎnhuì	dạ hội; buổi liên hoan tối
碗	碗	wan3	wǎn	cái bát; (lượng từ) bát
万	萬	wan4	wàn	vạn; mười nghìn
网	網	wang3	wǎng	lưới; mạng
网球	網球	wang3qiu2	wǎngqiú	quần vợt; tennis
网站	網站	wang3zhan4	wǎngzhàn	trang web; website
往	往	wang3	wǎng	về phía; hướng tới
为	為	wei2, wei4	wéi, wèi	làm; là | vì; cho
为什么	為什麼	wei4shen2me5	wèishénme	tại sao; vì sao
位	位	wei4	wèi	(lượng từ) vị (người, kính trọng); vị trí
味道	味道	wei4dao5	wèidao	mùi vị; hương vị
喂	喂	wei4	wèi	a lô!; này!; cho ăn
温度	溫度	wen1du4	wēndù	nhiệt độ
闻	聞	wen2	wén	ngửi; nghe thấy
问路	問路	wen4lu4	wènlù	hỏi đường
问题	問題	wen4ti2	wèntí	vấn đề; câu hỏi
午餐	午餐	wu3can1	wǔcān	bữa trưa
午睡	午睡	wu3shui4	wǔshuì	ngủ trưa
西北	西北	xi1bei3	xīběi	tây bắc
西餐	西餐	xi1can1	xīcān	món Âu; đồ ăn Tây
西方	西方	Xi1fang1	Xīfāng	phương Tây
西南	西南	xi1nan2	xīnán	tây nam
西医	西醫	xi1yi1	xīyī	tây y; bác sĩ tây y
习惯	習慣	xi2guan4	xíguàn	thói quen; quen với
洗衣机	洗衣機	xi3yi1ji1	xǐyījī	máy giặt
洗澡	洗澡	xi3zao3	xǐzǎo	tắm
下雪	下雪	xia4xue3	xiàxuě	tuyết rơi; có tuyết
下周	下週	xia4zhou1	xiàzhōu	tuần sau
夏天	夏天	xia4tian1	xiàtiān	mùa hè
相同	相同	xiang1tong2	xiāngtóng	giống nhau; như nhau
相信	相信	xiang1xin4	xiāngxìn	tin; tin tưởng
响	響	xiang3	xiǎng	kêu; vang; vang dội
想到	想到	xiang3dao4	xiǎngdào	nghĩ đến; nghĩ ra
想法	想法	xiang3fa3	xiǎngfǎ	suy nghĩ; cách nghĩ
想起	想起	xiang3qi3	xiǎngqǐ	nhớ ra; chợt nghĩ đến
向	向	xiang4	xiàng	về phía; hướng về
相机	相機	xiang4ji1	xiàngjī	máy ảnh
像	像	xiang4	xiàng	giống; giống như
小声	小聲	xiao3sheng1	xiǎoshēng	nói nhỏ; khẽ
小时候	小時候	xiao3shi2hou5	xiǎoshíhou	hồi nhỏ; lúc bé
小说	小說	xiao3shuo1	xiǎoshuō	tiểu thuyết
小心	小心	xiao3xin1	xiǎoxīn	cẩn thận; coi chừng
小组	小組	xiao3zu3	xiǎozǔ	tổ; nhóm nhỏ
校园	校園	xiao4yuan2	xiàoyuán	khuôn viên trường; sân trường
校长	校長	xiao4zhang3	xiàozhǎng	hiệu trưởng
笑话	笑話	xiao4hua5	xiàohua	chuyện cười; cười nhạo
笑话儿	笑話兒	xiao4hua4r5	xiàohuàr	chuyện cười
鞋	鞋	xie2	xié	giày; giày dép
心里	心裡	xin1li5	xīnli	trong lòng; trong bụng
心情	心情	xin1qing2	xīnqíng	tâm trạng
心中	心中	xin1zhong1	xīnzhōng	trong lòng; trong tâm
新闻	新聞	xin1wen2	xīnwén	tin tức; thời sự
信	信	xin4	xìn	thư; tin tưởng
信号	信號	xin4hao4	xìnhào	tín hiệu; sóng
信息	信息	xin4xi1	xìnxī	thông tin; tin nhắn
信心	信心	xin4xin1	xìnxīn	lòng tin; sự tự tin
信用卡	信用卡	xin4yong4ka3	xìnyòngkǎ	thẻ tín dụng
星星	星星	xing1xing5	xīngxing	ngôi sao (trên trời)
行动	行動	xing2dong4	xíngdòng	hành động; hoạt động
行人	行人	xing2ren2	xíngrén	người đi bộ; khách qua đường
行为	行為	xing2wei2	xíngwéi	hành vi; cách cư xử
姓	姓	xing4	xìng	họ; mang họ
姓名	姓名	xing4ming2	xìngmíng	họ tên
休假	休假	xiu1jia4	xiūjià	nghỉ phép; đi nghỉ
许多	許多	xu3duo1	xǔduō	rất nhiều
选	選	xuan3	xuǎn	chọn; lựa chọn; bầu
学期	學期	xue2qi1	xuéqī	học kỳ
雪	雪	xue3	xuě	tuyết
颜色	顏色	yan2se4	yánsè	màu sắc; màu
眼	眼	yan3	yǎn	mắt; lỗ nhỏ
眼睛	眼睛	yan3jing5	yǎnjing	mắt; đôi mắt
养	養	yang3	yǎng	nuôi; nuôi dưỡng
样子	樣子	yang4zi5	yàngzi	dáng vẻ; bộ dạng; kiểu
要求	要求	yao1qiu2	yāoqiú	yêu cầu; đòi hỏi
药	藥	yao4	yào	thuốc
药店	藥店	yao4dian4	yàodiàn	hiệu thuốc; nhà thuốc
药片	藥片	yao4pian4	yàopiàn	viên thuốc
药水	藥水	yao4shui3	yàoshuǐ	thuốc nước; si rô thuốc
也许	也許	ye3xu3	yěxǔ	có lẽ; có thể
夜	夜	ye4	yè	đêm
夜里	夜裡	ye4li5	yèli	ban đêm; trong đêm
一部分	一部分	yi1bu4fen5	yībùfen	một phần; một bộ phận
一定	一定	yi1ding4	yīdìng	nhất định; chắc chắn
一共	一共	yi1gong4	yīgòng	tổng cộng; tất cả
一路平安	一路平安	yi1lu4ping2an1	yīlùpíngān	thượng lộ bình an
一路顺风	一路順風	yi1lu4shun4feng1	yīlùshùnfēng	thuận buồm xuôi gió; đi đường may mắn
已经	已經	yi3jing1	yǐjīng	đã; đã... rồi
以后	以後	yi3hou4	yǐhòu	sau này; về sau; sau khi
以前	以前	yi3qian2	yǐqián	trước đây; trước khi
以上	以上	yi3shang4	yǐshàng	trở lên; ở trên; nói trên
以外	以外	yi3wai4	yǐwài	ngoài... ra; ngoài ra
以为	以為	yi3wei2	yǐwéi	tưởng là; cứ ngỡ
以下	以下	yi3xia4	yǐxià	trở xuống; dưới đây
椅子	椅子	yi3zi5	yǐzi	cái ghế
一般	一般	yi1ban1	yībān	bình thường; nói chung; như nhau
一点点	一點點	yi1dian3dian3	yīdiǎndiǎn	một chút xíu; một tí
一生	一生	yi1sheng1	yīshēng	cả đời; suốt đời
一直	一直	yi1zhi2	yīzhí	luôn; suốt; thẳng
亿	億	yi4	yì	trăm triệu
意见	意見	yi4jian4	yìjiàn	ý kiến; góp ý
意思	意思	yi4si5	yìsi	ý nghĩa; ý; thú vị
因为	因為	yin1wei4	yīnwèi	bởi vì; vì
阴	陰	yin1	yīn	âm u; râm; âm
阴天	陰天	yin1tian1	yīntiān	trời râm; trời âm u
音节	音節	yin1jie2	yīnjié	âm tiết
音乐	音樂	yin1yue4	yīnyuè	âm nhạc
音乐会	音樂會	yin1yue4hui4	yīnyuèhuì	buổi hòa nhạc
银行	銀行	yin2hang2	yínháng	ngân hàng
银行卡	銀行卡	yin2hang2ka3	yínhángkǎ	thẻ ngân hàng; thẻ ATM
应该	應該	ying1gai1	yīnggāi	nên; phải
英文	英文	Ying1wen2	Yīngwén	tiếng Anh
英语	英語	Ying1yu3	Yīngyǔ	tiếng Anh
影片	影片	ying3pian4	yǐngpiàn	bộ phim
影响	影響	ying3xiang3	yǐngxiǎng	ảnh hưởng
永远	永遠	yong3yuan3	yǒngyuǎn	mãi mãi; vĩnh viễn
油	油	you2	yóu	dầu; mỡ
游客	遊客	you2ke4	yóukè	khách du lịch; du khách
友好	友好	you3hao3	yǒuhǎo	thân thiện; hữu hảo
有空儿	有空兒	you3kong4r5	yǒukòngr	có thời gian; rảnh
有人	有人	you3ren2	yǒurén	có người; ai đó
有点儿	有點兒	you3dian3r5	yǒudiǎnr	hơi; có chút
有意思	有意思	you3yi4si5	yǒuyìsi	thú vị; hay; có ý nghĩa
又	又	you4	yòu	lại; vừa... vừa...
鱼	魚	yu2	yú	con cá
语言	語言	yu3yan2	yǔyán	ngôn ngữ
原来	原來	yuan2lai2	yuánlái	hóa ra; ban đầu; vốn dĩ
原因	原因	yuan2yin1	yuányīn	nguyên nhân; lý do
院	院	yuan4	yuàn	viện (bệnh viện, học viện); sân
院长	院長	yuan4zhang3	yuànzhǎng	viện trưởng; trưởng khoa
院子	院子	yuan4zi5	yuànzi	sân; sân nhà
愿意	願意	yuan4yi4	yuànyì	bằng lòng; sẵn lòng; muốn
月份	月份	yue4fen4	yuèfèn	tháng
月亮	月亮	yue4liang5	yuèliang	mặt trăng
越	越	yue4	yuè	vượt; càng
越来越	越來越	yue4lai2yue4	yuèláiyuè	ngày càng
云	云	yun2	yún	mây
运动	運動	yun4dong4	yùndòng	vận động; thể thao
咱	咱	zan2	zán	tôi; chúng ta (gồm cả người nghe)
咱们	咱們	zan2men5	zánmen	chúng ta (gồm cả người nghe)
脏	髒	zang1	zāng	bẩn; dơ
早餐	早餐	zao3can1	zǎocān	bữa sáng
早晨	早晨	zao3chen2	zǎochén	buổi sáng sớm
早就	早就	zao3jiu4	zǎojiù	đã... từ lâu
怎么办	怎麼辦	zen3me5ban4	zěnmebàn	làm thế nào; phải làm sao
怎么样	怎麼樣	zen3me5yang4	zěnmeyàng	thế nào; ra sao
怎样	怎樣	zen3yang4	zěnyàng	như thế nào; ra sao
占	占	zhan4	zhàn	chiếm; chiếm giữ
站住	站住	zhan4zhu4	zhànzhù	đứng lại!; dừng lại
长大	長大	zhang3da4	zhǎngdà	lớn lên; trưởng thành
找出	找出	zhao3chu1	zhǎochū	tìm ra
照顾	照顧	zhao4gu5	zhàogu	chăm sóc; quan tâm
照片	照片	zhao4pian4	zhàopiàn	bức ảnh; tấm hình
照相	照相	zhao4xiang4	zhàoxiàng	chụp ảnh
这么	這麼	zhe4me5	zhème	thế này; như thế này
这时候	這時候	zhe4shi2hou4	zhèshíhòu	lúc này; lúc đó
这样	這樣	zhe4yang4	zhèyàng	như thế này; như vậy
真正	真正	zhen1zheng4	zhēnzhèng	thật sự; đích thực
正常	正常	zheng4chang2	zhèngcháng	bình thường
正好	正好	zheng4hao3	zhènghǎo	vừa vặn; vừa hay; vừa đúng lúc
正确	正確	zheng4que4	zhèngquè	đúng đắn; chính xác
正是	正是	zheng4shi4	zhèngshì	chính là; đúng là
直接	直接	zhi2jie1	zhíjiē	trực tiếp; thẳng
只	只	zhi3	zhǐ	chỉ
只能	只能	zhi3neng2	zhǐnéng	chỉ có thể; đành phải
只要	只要	zhi3yao4	zhǐyào	chỉ cần
纸	紙	zhi3	zhǐ	giấy
中餐	中餐	zhong1can1	zhōngcān	món Trung Quốc; bữa trưa
中级	中級	zhong1ji2	zhōngjí	trung cấp
中年	中年	zhong1nian2	zhōngnián	trung niên
中小学	中小學	zhong1xiao3xue2	zhōngxiǎoxué	trường phổ thông (tiểu học và trung học)
中心	中心	zhong1xin1	zhōngxīn	trung tâm; trung điểm
中医	中醫	Zhong1yi1	Zhōngyī	đông y; thầy thuốc đông y
重点	重點	zhong4dian3	zhòngdiǎn	trọng điểm; điểm chính
重视	重視	zhong4shi4	zhòngshì	coi trọng; xem trọng
周	周	zhou1	zhōu	tuần; vòng; chu vi
周末	週末	zhou1mo4	zhōumò	cuối tuần
周年	週年	zhou1nian2	zhōunián	kỷ niệm tròn năm; hằng năm
主人	主人	zhu3ren2	zhǔrén	chủ nhân; chủ nhà
主要	主要	zhu3yao4	zhǔyào	chủ yếu; chính
住房	住房	zhu4fang2	zhùfáng	nhà ở; chỗ ở
住院	住院	zhu4yuan4	zhùyuàn	nằm viện; nhập viện
装	裝	zhuang1	zhuāng	lắp; đựng; giả vờ
准确	準確	zhun3que4	zhǔnquè	chính xác
自己	自己	zi4ji3	zìjǐ	mình; bản thân; tự mình
自行车	自行車	zi4xing2che1	zìxíngchē	xe đạp
自由	自由	zi4you2	zìyóu	tự do
字典	字典	zi4dian3	zìdiǎn	từ điển chữ Hán
走过	走過	zou3guo4	zǒuguò	đi qua; đi ngang qua
走进	走進	zou3jin4	zǒujìn	đi vào; bước vào
走开	走開	zou3kai1	zǒukāi	đi chỗ khác; tránh ra
租	租	zu1	zū	thuê; cho thuê
组	組	zu3	zǔ	tổ; nhóm; tổ chức thành
组成	組成	zu3cheng2	zǔchéng	tạo thành; hợp thành
组长	組長	zu3zhang3	zǔzhǎng	tổ trưởng; nhóm trưởng
嘴	嘴	zui3	zuǐ	miệng; mồm
最近	最近	zui4jin4	zuìjìn	gần đây; dạo này
作家	作家	zuo4jia1	zuòjiā	nhà văn
作文	作文	zuo4wen2	zuòwén	bài văn; làm văn
作业	作業	zuo4ye4	zuòyè	bài tập (về nhà)
作用	作用	zuo4yong4	zuòyòng	tác dụng; tác động
座	座	zuo4	zuò	(lượng từ) tòa, ngọn (núi, nhà); chỗ ngồi
座位	座位	zuo4wei4	zuòwèi	chỗ ngồi; ghế ngồi
做到	做到	zuo4dao4	zuòdào	làm được; đạt được
做法	做法	zuo4fa3	zuòfǎ	cách làm
做饭	做飯	zuo4fan4	zuòfàn	nấu cơm; nấu ăn
