挨着	挨著	ai1zhe5	āizhe	near
挨	挨	ai2	ái	to suffer; to endure; to pull through (hard times); to delay; to stall; to play for time; to dawdle
挨打	挨打	ai2da3	áidǎ	to take a beating; to get thrashed; to come under attack
安检	安檢	an1jian3	ānjiǎn	security check (abbr. for 安全检查); to do a security check
罢工	罷工	ba4gong1	bàgōng	a strike; to go on strike
罢了	罷了	ba4le5	bàle	a modal particle indicating (that's all, only, nothing much)
白领	白領	bai2ling3	báilǐng	white-collar; white-collar worker
百分点	百分點	bai3fen1dian3	bǎifēndiǎn	percentage point
办公	辦公	ban4gong1	bàngōng	to handle official business; to work (esp. in an office)
办事处	辦事處	ban4shi4chu4	bànshìchù	office; agency
办学	辦學	ban4xue2	bànxué	to run a school
半决赛	半決賽	ban4jue2sai4	bànjuésài	semifinals
傍晚	傍晚	bang4wan3	bàngwǎn	in the evening; when night falls; towards evening
保健	保健	bao3jian4	bǎojiàn	health protection; health care; to maintain in good health
报刊	報刊	bao4kan1	bàokān	newspapers and periodicals; the press
报考	報考	bao4kao3	bàokǎo	to enter oneself for an examination
抱歉	抱歉	bao4qian4	bàoqiàn	to be sorry; to feel apologetic; sorry!
暴风雨	暴風雨	bao4feng1yu3	bàofēngyǔ	rainstorm; storm; tempest
暴力	暴力	bao4li4	bàolì	violence; force; violent
暴露	暴露	bao4lu4	bàolù	to expose; to reveal; to lay bare
暴雨	暴雨	bao4yu3	bàoyǔ	torrential rain; rainstorm
爆	爆	bao4	bào	to explode or burst; to quick fry or quick boil
爆发	爆發	bao4fa1	bàofā	to break out; to erupt; to explode
爆炸	爆炸	bao4zha4	bàozhà	explosion; to explode; to blow up
悲惨	悲慘	bei1can3	bēicǎn	miserable; tragic
背心	背心	bei4xin1	bèixīn	sleeveless garment (vest, waistcoat, singlet, tank top etc)
背着	背著	bei4zhe5	bèizhe	turning one's back to (sth or sb); keeping sth secret from (sb); keeping (one's hands) behind one's back
被告	被告	bei4gao4	bèigào	defendant
奔跑	奔跑	ben1pao3	bēnpǎo	to run
本地	本地	ben3di4	běndì	local; this locality
本期	本期	ben3qi1	běnqī	the current period; this term (usually in finance)
本身	本身	ben3shen1	běnshēn	itself; in itself; per se
本土	本土	ben3tu3	běntǔ	one's native country; native; local
本质	本質	ben3zhi4	běnzhì	essence; nature; innate character
逼	逼	bi1	bī	to force (sb to do sth); to compel; to press for
笔试	筆試	bi3shi4	bǐshì	written examination; paper test (for an applicant)
必将	必將	bi4jiang1	bìjiāng	inevitably
必修	必修	bi4xiu1	bìxiū	(of an academic course) required; compulsory
闭	閉	bi4	bì	to close; to stop up; to shut
边缘	邊緣	bian1yuan2	biānyuán	edge; fringe; verge; brink; periphery; marginal; borderline
编制	編製	bian1zhi4	biānzhì	to weave; to plait; to compile
扁	扁	bian3	biǎn	flat; (coll.) to beat (sb) up; old variant of 匾
变更	變更	bian4geng1	biàngēng	to change; to alter; to modify
变换	變換	bian4huan4	biànhuàn	to transform; to convert; to vary
变形	變形	bian4xing2	biànxíng	to become deformed; to change shape; to morph
便	便	bian4	biàn	plain; informal; suitable
便是	便是	bian4shi4	biànshì	(emphasizes that sth is precisely or exactly as stated); precisely; exactly
遍地	遍地	bian4di4	biàndì	everywhere; all over
表面上	表面上	biao3mian4shang5	biǎomiànshang	outwardly; superficially; on the face of it
病房	病房	bing4fang2	bìngfáng	ward (of a hospital); sickroom
病情	病情	bing4qing2	bìngqíng	state of an illness; patient's condition
拨打	撥打	bo1da3	bōdǎ	to call; to dial
波动	波動	bo1dong4	bōdòng	to undulate; to fluctuate; wave motion
波浪	波浪	bo1lang4	bōlàng	wave
播	播	bo1	bō	to sow; to scatter; to spread
不便	不便	bu4bian4	bùbiàn	inconvenient; inappropriate; unsuitable
不见	不見	bu4jian4	bùjiàn	not to see; not to meet; to have disappeared
不料	不料	bu4liao4	bùliào	unexpectedly; to one's surprise
不再	不再	bu4zai4	bùzài	no more; no longer
不至于	不至於	bu4zhi4yu2	bùzhìyú	unlikely to go so far as to; not as bad as
补考	補考	bu3kao3	bǔkǎo	to sit for a makeup exam; to resit an exam; makeup exam
补课	補課	bu3ke4	bǔkè	to make up missed lesson; to reschedule a class
补习	補習	bu3xi2	bǔxí	to take extra lessons in a cram school or with a private tutor
补助	補助	bu3zhu4	bǔzhù	to subsidize; subsidy; allowance
捕	捕	bu3	bǔ	to catch; to seize; to capture
不成	不成	bu4cheng2	bùchéng	won't do; unable to; (at the end of a rhetorical question) can that be?
不禁	不禁	bu4jin1	bùjīn	can't help (doing sth); can't refrain from
不仅仅	不僅僅	bu4jin3jin3	bùjǐnjǐn	not only; not just
不通	不通	bu4tong1	bùtōng	to be obstructed; to be blocked up; to be impassable
不怎么	不怎麼	bu4zen3me5	bùzěnme	not very; not particularly
不怎么样	不怎麼樣	bu4zen3me5yang4	bùzěnmeyàng	not up to much; very indifferent; nothing great about it
不值	不值	bu4zhi2	bùzhí	not worth
布满	布滿	bu4man3	bùmǎn	to be covered with; to be filled with
部队	部隊	bu4dui4	bùduì	army; armed forces; troops
采纳	採納	cai3na4	cǎinà	to accept; to adopt
踩	踩	cai3	cǎi	to step on; to tread; to stamp
参赛	參賽	can1sai4	cānsài	to compete; to take part in a competition
参展	參展	can1zhan3	cānzhǎn	to exhibit at or take part in a trade show etc
餐	餐	can1	cān	meal; to eat; classifier for meals
残疾	殘疾	can2ji2	cánjí	disabled; handicapped; deformity on a person or animal
残疾人	殘疾人	can2ji2ren2	cánjírén	disabled person
残酷	殘酷	can2ku4	cánkù	cruel; cruelty
惨	慘	can3	cǎn	miserable; wretched; cruel
仓库	倉庫	cang1ku4	cāngkù	depot; storehouse; warehouse
藏	藏	cang2	cáng	to conceal; to hide away; to harbor
操纵	操縱	cao1zong4	cāozòng	to operate; to control; to rig
厕所	廁所	ce4suo3	cèsuǒ	toilet; lavatory
侧	側	ce4	cè	the side; to incline towards; to lean
测定	測定	ce4ding4	cèdìng	to determine (by measuring or surveying)
策划	策劃	ce4hua4	cèhuà	to plot; to scheme; to bring about
策略	策略	ce4lüe4	cèlüè	strategy; tactics; crafty; adroit
层面	層面	ceng2mian4	céngmiàn	aspect; facet; level (political, psychological, spiritual etc)
差异	差異	cha1yi4	chāyì	difference; discrepancy
查出	查出	cha2chu1	cháchū	to find out; to discover
查看	查看	cha2kan4	chákàn	to look over; to examine; to check up
拆迁	拆遷	chai1qian1	chāiqiān	to demolish a building and relocate the inhabitants
产量	產量	chan3liang4	chǎnliàng	output
昌盛	昌盛	chang1sheng4	chāngshèng	prosperous
长短	長短	chang2duan3	chángduǎn	length; accident; mishap; right and wrong; good and bad; merits and demerits
长假	長假	chang2jia4	chángjià	long vacation
长久	長久	chang2jiu3	chángjiǔ	(for a) long time
长跑	長跑	chang2pao3	chángpǎo	long-distance running
长远	長遠	chang2yuan3	chángyuǎn	long-term; long-range
常规	常規	chang2gui1	chángguī	code of conduct; conventions; common practice
常年	常年	chang2nian2	chángnián	all year round; for years on end; average year
厂商	廠商	chang3shang1	chǎngshāng	manufacturer; producer
场地	場地	chang3di4	chǎngdì	space; site; place
场馆	場館	chang3guan3	chǎngguǎn	sporting venue; arena
场景	場景	chang3jing3	chǎngjǐng	scene; scenario; situation; setting
畅通	暢通	chang4tong1	chàngtōng	unimpeded; free-flowing; straight path
超	超	chao1	chāo	to exceed; to overtake; to surpass
超出	超出	chao1chu1	chāochū	to exceed; to overstep; to go too far
炒	炒	chao3	chǎo	to sauté; to stir-fry; to speculate
炒股	炒股	chao3gu3	chǎogǔ	(coll.) to speculate in stocks
炒作	炒作	chao3zuo4	chǎozuò	to hype; to promote (in the media)
车号	車號	che1hao4	chēhào	vehicle number (license plate number, taxi number, bus number, train car number)
车牌	車牌	che1pai2	chēpái	license plate
车展	車展	che1zhan3	chēzhǎn	motor show
撤离	撤離	che4li2	chèlí	to withdraw from; to evacuate
撤销	撤銷	che4xiao1	chèxiāo	to repeal; to revoke; (computing) to undo
撑	撐	cheng1	chēng	to support; to prop up; to push or move with a pole
成分	成分	cheng2fen4	chéngfèn	composition; ingredient; element; component; one's social status
成品	成品	cheng2pin3	chéngpǐn	finished goods; a finished product
承诺	承諾	cheng2nuo4	chéngnuò	to promise; to undertake to do something; commitment
城区	城區	cheng2qu1	chéngqū	city district; urban area
城乡	城鄉	cheng2xiang1	chéngxiāng	city and countryside
城镇	城鎮	cheng2zhen4	chéngzhèn	town; cities and towns
持有	持有	chi2you3	chíyǒu	to hold (passport, views etc)
冲击	衝擊	chong1ji1	chōngjī	to attack; to batter; (of waves) to pound against
重建	重建	chong2jian4	chóngjiàn	to rebuild; to reestablish; reconstruction
重组	重組	chong2zu3	chóngzǔ	to reorganize; to recombine; to restructure
崇拜	崇拜	chong2bai4	chóngbài	to worship; adoration
宠物	寵物	chong3wu4	chǒngwù	house pet
出场	出場	chu1chang3	chūchǎng	(of a performer) to come onto the stage to perform; (of an athlete) to enter the arena to compete; (fig.) to enter the scene (e.g. a new product)
出动	出動	chu1dong4	chūdòng	to start out on a trip; to dispatch troops
出访	出訪	chu1fang3	chūfǎng	to go and visit in an official capacity or for investigation
出路	出路	chu1lu4	chūlù	a way out (lit. and fig.); opportunity for advancement; a way forward
出面	出面	chu1mian4	chūmiàn	to appear personally; to step in; to step forth
出名	出名	chu1ming2	chūmíng	well-known for sth; to become well known; to make one's mark
出入	出入	chu1ru4	chūrù	to go out and come in; entrance and exit; expenditure and income
出事	出事	chu1shi4	chūshì	to have an accident; to meet with a mishap
出台	出臺	chu1tai2	chūtái	to officially launch (a policy, program etc); to appear on stage; to appear publicly
出行	出行	chu1xing2	chūxíng	to go out somewhere (relatively short trip); to set off on a journey (longer trip)
初等	初等	chu1deng3	chūděng	elementary (i.e. easy)
除	除	chu2	chú	to get rid of; to remove; to exclude
厨师	廚師	chu2shi1	chúshī	cook; chef
储存	儲存	chu3cun2	chǔcún	stockpile; to store; to stockpile
处处	處處	chu4chu4	chùchù	everywhere; in all respects
处长	處長	chu4zhang3	chùzhǎng	department head; section chief
传出	傳出	chuan2chu1	chuánchū	to transmit outwards; to disseminate; efferent (nerve)
传媒	傳媒	chuan2mei2	chuánméi	media
传输	傳輸	chuan2shu1	chuánshū	to transmit; transmission
传言	傳言	chuan2yan2	chuányán	rumor; hearsay
船员	船員	chuan2yuan2	chuányuán	sailor; crew member
船长	船長	chuan2zhang3	chuánzhǎng	captain (of a boat); skipper
船只	船隻	chuan2zhi1	chuánzhī	ship; boat; vessel
串	串	chuan4	chuàn	to string together; to skewer; to connect wrongly
窗口	窗口	chuang1kou3	chuāngkǒu	window; opening providing restricted access (e.g. customer service window); computer operating system window
创办	創辦	chuang4ban4	chuàngbàn	to establish; to found; to launch
创建	創建	chuang4jian4	chuàngjiàn	to found; to establish
创意	創意	chuang4yi4	chuàngyì	creative; creativity
此处	此處	ci3chu4	cǐchù	this place; here (literary)
此次	此次	ci3ci4	cǐcì	this time
此前	此前	ci3qian2	cǐqián	before this; before then; previously
此事	此事	ci3shi4	cǐshì	this matter
此致	此致	ci3zhi4	cǐzhì	(used at the end of a letter to introduce a polite salutation)
次数	次數	ci4shu4	cìshù	number of times; frequency; order number (in a series)
从不	從不	cong2bu4	cóngbù	never
从没	從沒	cong2mei2	cóngméi	never (in the past); never did
醋	醋	cu4	cù	vinegar; jealousy (in love rivalry)
村庄	村莊	cun1zhuang1	cūnzhuāng	village; hamlet
错过	錯過	cuo4guo4	cuòguò	to miss (train, opportunity etc)
搭	搭	da1	dā	to put up; to build (scaffolding); to hang (clothes on a pole)
搭档	搭檔	da1dang4	dādàng	to cooperate; partner
搭配	搭配	da1pei4	dāpèi	to pair up; to match; to arrange in pairs
打动	打動	da3dong4	dǎdòng	to move (to pity); arousing (sympathy); touching
打断	打斷	da3duan4	dǎduàn	to interrupt; to break off; to break (a bone)
打发	打發	da3fa5	dǎfa	to dispatch sb to do sth; to make sb leave; to pass (the time)
打官司	打官司	da3guan1si5	dǎguānsi	to file a lawsuit; to sue; to dispute
打牌	打牌	da3pai2	dǎpái	to play mahjong or cards
打印机	打印機	da3yin4ji1	dǎyìnjī	printer
打造	打造	da3zao4	dǎzào	to create; to build; to develop
大道	大道	da4dao4	dàdào	main street; avenue
大街	大街	da4jie1	dàjiē	street; main street
大力	大力	da4li4	dàlì	energetically; vigorously
大米	大米	da4mi3	dàmǐ	(husked) rice
大批	大批	da4pi1	dàpī	large quantities of
大赛	大賽	da4sai4	dàsài	grand contest
大师	大師	da4shi1	dàshī	great master; master
大使	大使	da4shi3	dàshǐ	ambassador; envoy
待会儿	待會兒	dai1hui4r5	dāihuìr	in a moment; later; also pr. [dāi huǐ r] or [dāi hui r]
担忧	擔憂	dan1you1	dānyōu	to worry; to be concerned
单打	單打	dan1da3	dāndǎ	singles (in sports)
诞生	誕生	dan4sheng1	dànshēng	to be born
党	黨	dang3	dǎng	party; association; club
当成	當成	dang4cheng2	dàngchéng	to consider as; to take to be
当天	當天	dang1tian1	dāngtiān	on that day
当作	當作	dang4zuo4	dàngzuò	to treat as; to regard as
档	檔	dang4	dàng	official records; grade (of goods); file
档案	檔案	dang4an4	dàngàn	file; record; archive
岛	島	dao3	dǎo	island
到期	到期	dao4qi1	dàoqī	to fall due (loan etc); to expire (visa etc); to mature (investment bond etc)
盗版	盜版	dao4ban3	dàobǎn	pirated; illegal; see also 版
道教	道教	Dao4jiao4	Dàojiào	Taoism; Daoism (Chinese system of beliefs)
道歉	道歉	dao4qian4	dàoqiàn	to apologize
低头	低頭	di1tou2	dītóu	to bow the head; to yield; to give in
低温	低溫	di1wen1	dīwēn	low temperature
滴	滴	di1	dī	a drop; to drip
抵达	抵達	di3da2	dǐdá	to arrive; to reach (a destination)
抵抗	抵抗	di3kang4	dǐkàng	to resist; resistance
地板	地板	di4ban3	dìbǎn	floor
地名	地名	di4ming2	dìmíng	place name; toponym
地下室	地下室	di4xia4shi4	dìxiàshì	basement; cellar
电车	電車	dian4che1	diànchē	trolleybus
电动	電動	dian4dong4	diàndòng	electric-powered; (Tw) video game
电力	電力	dian4li4	diànlì	electrical power; electricity
电器	電器	dian4qi4	diànqì	(electrical) appliance; device
吊	弔	diao4	diào	a string of 100 cash (arch.); to lament; to condole with
调研	調研	diao4yan2	diàoyán	to investigate and research; research; investigation
跌	跌	die1	diē	to fall; to tumble; to trip
定价	定價	ding4jia4	dìngjià	to set a price; to fix a price
定时	定時	ding4shi2	dìngshí	to fix a time; fixed time; timed (of explosive etc)
定位	定位	ding4wei4	dìngwèi	to orientate; to position; to categorize (as)
动画	動畫	dong4hua4	dònghuà	animation; cartoon
斗争	鬥爭	dou4zheng1	dòuzhēng	a struggle; fight; battle
都市	都市	du1shi4	dūshì	city; metropolis
毒品	毒品	du2pin3	dúpǐn	drugs; narcotics; poison
赌	賭	du3	dǔ	to bet; to gamble
赌博	賭博	du3bo2	dǔbó	to gamble
渡	渡	du4	dù	to cross; to pass through; to ferry
端	端	duan1	duān	end; extremity; item
端午节	端午節	Duan1wu3jie2	Duānwǔjié	Dragon Boat Festival (5th day of the 5th lunar month)
短片	短片	duan3pian4	duǎnpiàn	short film; video clip
队伍	隊伍	dui4wu3	duìwǔ	ranks; troops; queue
对抗	對抗	dui4kang4	duìkàng	to withstand; to resist; to stand off
对外	對外	dui4wai4	duìwài	external; foreign; pertaining to external or foreign (affairs)
蹲	蹲	dun1	dūn	to crouch; to squat; to stay (somewhere)
多半	多半	duo1ban4	duōbàn	most; mostly; most likely
多方面	多方面	duo1fang1mian4	duōfāngmiàn	many-sided; in many aspects
多媒体	多媒體	duo1mei2ti3	duōméitǐ	multimedia
夺	奪	duo2	duó	to seize; to take away forcibly; to wrest control of
夺取	奪取	duo2qu3	duóqǔ	to seize; to capture; to wrest control of
恩人	恩人	en1ren2	ēnrén	a benefactor; a person who has significantly helped sb else
儿科	兒科	er2ke1	érkē	pediatrics
发病	發病	fa1bing4	fābìng	(of an illness) to occur; (of a person) to get sick; to fall ill; onset (of a medical condition)
发电	發電	fa1dian4	fādiàn	to generate electricity; to send a telegram
发放	發放	fa1fang4	fāfàng	to provide; to give; to grant
发怒	發怒	fa1nu4	fānù	to get angry
发起	發起	fa1qi3	fāqǐ	to originate; to initiate; to launch (an attack, an initiative etc)
发言人	發言人	fa1yan2ren2	fāyánrén	spokesperson
发炎	發炎	fa1yan2	fāyán	to become inflamed; inflammation
法庭	法庭	fa3ting2	fǎtíng	court of law
法语	法語	Fa3yu3	Fǎyǔ	French (language)
番	番	fan1	fān	foreign (non-Chinese); barbarian; classifier for occurrences (of an event, action or speech utterance)
番茄	番茄	fan1qie2	fānqié	tomato
凡是	凡是	fan2shi4	fánshì	each and every; every; all
繁殖	繁殖	fan2zhi2	fánzhí	to breed; to reproduce; to propagate
反抗	反抗	fan3kang4	fǎnkàng	to resist; to rebel
反问	反問	fan3wen4	fǎnwèn	to ask (a question) in reply; to answer a question with a question; rhetorical question
反响	反響	fan3xiang3	fǎnxiǎng	repercussions; reaction; echo
犯	犯	fan4	fàn	to violate; to offend; to assault
犯规	犯規	fan4gui1	fànguī	to break the rules; an illegality; a foul
犯罪	犯罪	fan4zui4	fànzuì	to commit a crime; crime; offense
防范	防範	fang2fan4	fángfàn	to be on guard; wariness; to guard against
防守	防守	fang2shou3	fángshǒu	to defend; to protect (against)
房价	房價	fang2jia4	fángjià	house price; cost of housing
仿佛	彷彿	fang3fu2	fǎngfú	to seem; as if; alike
飞船	飛船	fei1chuan2	fēichuán	spaceship; spacecraft; dirigible
飞行员	飛行員	fei1xing2yuan2	fēixíngyuán	pilot; aviator
肺	肺	fei4	fèi	lung
分工	分工	fen1gong1	fēngōng	to divide up the work; division of labor
分裂	分裂	fen1lie4	fēnliè	to split up; to divide; to break up
愤怒	憤怒	fen4nu4	fènnù	angry; indignant; wrath
风暴	風暴	feng1bao4	fēngbào	storm; violent commotion; fig. crisis (e.g. revolution, uprising, financial crisis etc)
峰会	峰會	feng1hui4	fēnghuì	summit meeting
奉献	奉獻	feng4xian4	fèngxiàn	to offer respectfully; to consecrate; to dedicate
佛	佛	fo2	fó	(female) head ornament; variant of 佛
佛教	佛教	Fo2jiao4	Fójiào	Buddhism
服	服	fu2	fú	clothes; dress; garment
浮	浮	fu2	fú	to float; superficial; floating
父女	父女	fu4nü3	fùnǚ	father and daughter
父子	父子	fu4zi3	fùzǐ	father and son
负	負	fu4	fù	to bear; to carry (on one's back); to turn one's back on
妇女	婦女	fu4nü3	fùnǚ	woman
复苏	復甦	fu4su1	fùsū	to recover (health, economic); to resuscitate; anabiosis
副	副	fu4	fù	deputy; secondary; auxiliary | measure word for pairs or sets
富人	富人	fu4ren2	fùrén	rich person; the rich
富有	富有	fu4you3	fùyǒu	rich; wealthy; affluent; to be rich in; to be replete with
改装	改裝	gai3zhuang1	gǎizhuāng	to change one's costume; to repackage; to remodel
干涉	干涉	gan1she4	gānshè	to interfere; to meddle; interference
肝	肝	gan1	gān	liver; (slang) to put in long hours, typically late into the night, playing (a video game); (of a video game) involving a lot of repetition in order to progress; grindy
杆	桿	gan3	gǎn	stick; pole; lever
赶不上	趕不上	gan3bu4shang4	gǎnbùshàng	can't keep up with; can't catch up with; cannot overtake
赶忙	趕忙	gan3mang2	gǎnmáng	to hurry; to hasten; to make haste
赶上	趕上	gan3shang4	gǎnshàng	to keep up with; to catch up with; to overtake
敢于	敢於	gan3yu2	gǎnyú	to have the courage to do sth; to dare to; bold in
感人	感人	gan3ren2	gǎnrén	touching; moving
刚好	剛好	gang1hao3	gānghǎo	just; exactly; to happen to be
岗位	崗位	gang3wei4	gǎngwèi	a post; a job
港口	港口	gang3kou3	gǎngkǒu	port; harbor
高层	高層	gao1ceng2	gāocéng	high-rise; high level; high class
高档	高檔	gao1dang4	gāodàng	superior quality; high grade; top grade
高等	高等	gao1deng3	gāoděng	high-level; higher (animals, education etc); advanced (math etc)
高峰	高峰	gao1feng1	gāofēng	peak; summit; height
高考	高考	gao1kao3	gāokǎo	college entrance exam (especially as abbr. for 普通高等学校招生全国统一考试); (Tw) entrance exam for senior government service posts (abbr. for 公务人员高等考试)
高科技	高科技	gao1ke1ji4	gāokējì	high tech; high technology
高手	高手	gao1shou3	gāoshǒu	expert; past master; dab hand
稿子	稿子	gao3zi5	gǎozi	draft of a document; script; manuscript
歌唱	歌唱	ge1chang4	gēchàng	to sing
歌词	歌詞	ge1ci2	gēcí	song lyric; lyrics
歌星	歌星	ge1xing1	gēxīng	singing star; famous singer
革新	革新	ge2xin1	géxīn	to innovate; innovation
更是	更是	geng4shi4	gèngshì	even more (so)
工商	工商	gong1shang1	gōngshāng	industry and commerce
公	公	gong1	gōng	public; collectively owned; common
公安	公安	gong1an1	gōngān	(Ministry of) Public Security; public safety; public security
公鸡	公雞	gong1ji1	gōngjī	cock; rooster
公众	公眾	gong1zhong4	gōngzhòng	public
公主	公主	gong1zhu3	gōngzhǔ	princess
攻击	攻擊	gong1ji1	gōngjī	to attack; to accuse; to charge
供给	供給	gong1ji3	gōngjǐ	to furnish; to provide; supply (as in supply and demand)
宫	宮	gong1	gōng	palace; temple; castration (as corporal punishment)
巩固	鞏固	gong3gu4	gǒnggù	to consolidate; consolidation; to strengthen
贡献	貢獻	gong4xian4	gòngxiàn	to contribute; to dedicate; to devote
构建	構建	gou4jian4	gòujiàn	to construct (sth abstract)
孤独	孤獨	gu1du2	gūdú	lonely; solitary
孤儿	孤兒	gu1er2	gūér	orphan
姑姑	姑姑	gu1gu5	gūgu	paternal aunt
古典	古典	gu3dian3	gǔdiǎn	classical
股	股	gu3	gǔ	thigh; part of a whole; portion of a sum
股东	股東	gu3dong1	gǔdōng	shareholder; stockholder
股票	股票	gu3piao4	gǔpiào	share certificate; stock (finance)
故障	故障	gu4zhang4	gùzhàng	malfunction; breakdown; defect
顾	顧	gu4	gù	to look after; to take into consideration; to attend to
刮	刮	gua1	guā	to scrape; to blow; to shave
拐	拐	guai3	guǎi	to turn (a corner etc); to kidnap; to swindle
关爱	關愛	guan1ai4	guānài	to show concern and care for
关联	關聯	guan1lian2	guānlián	to be related; to be connected; relationship; connection
观光	觀光	guan1guang1	guānguāng	to tour; sightseeing; tourism
官司	官司	guan1si5	guānsi	lawsuit
管道	管道	guan3dao4	guǎndào	tubing; pipeline; (fig.) channel
光辉	光輝	guang1hui1	guānghuī	radiance; glory; brilliant
广阔	廣闊	guang3kuo4	guǎngkuò	wide; vast
轨道	軌道	gui3dao4	guǐdào	track (for trains etc); orbit (of a satellite); (fig.) a person's established path in life
跪	跪	gui4	guì	to kneel
国产	國產	guo2chan3	guóchǎn	domestically produced
国歌	國歌	guo2ge1	guógē	national anthem
国会	國會	Guo2hui4	Guóhuì	Parliament (UK); Congress (US); Diet (Japan)
国旗	國旗	guo2qi2	guóqí	flag (of a country)
国王	國王	guo2wang2	guówáng	king
果酱	果醬	guo3jiang4	guǒjiàng	jam
果树	果樹	guo3shu4	guǒshù	fruit tree
过渡	過渡	guo4du4	guòdù	to cross over (by ferry); transition; interim
过后	過後	guo4hou4	guòhòu	after the event
过时	過時	guo4shi2	guòshí	old-fashioned; out of date; to be later than the time stipulated or agreed upon
海报	海報	hai3bao4	hǎibào	poster; playbill; notice
海底	海底	hai3di3	hǎidǐ	seabed; seafloor; bottom of the ocean
海军	海軍	hai3jun1	hǎijūn	navy
海浪	海浪	hai3lang4	hǎilàng	sea wave
海外	海外	hai3wai4	hǎiwài	overseas; abroad
海湾	海灣	hai3wan1	hǎiwān	bay; gulf
海洋	海洋	hai3yang2	hǎiyáng	ocean
好容易	好容易	hao3rong2yi4	hǎoróngyì	(idiomatic usage) with great difficulty; to have a hard time (convincing sb, relinquishing sth etc); (literal usage) so easy
好似	好似	hao3si4	hǎosì	to seem; to be like
好转	好轉	hao3zhuan3	hǎozhuǎn	to improve; to take a turn for the better; improvement
好学	好學	hao4xue2	hàoxué	eager to study; studious; erudite
合约	合約	he2yue1	héyuē	treaty; contract
和谐	和諧	he2xie2	héxié	harmonious; harmony; (euphemism) to censor
核心	核心	he2xin1	héxīn	core; nucleus
黑夜	黑夜	hei1ye4	hēiyè	night
很难说	很難說	hen3nan2shuo1	hěnnánshuō	Hard to say
狠	狠	hen3	hěn	ruthless; fierce; ferocious
横	橫	heng2	héng	horizontal; across; crosswise
衡量	衡量	heng2liang2	héngliáng	to weigh; to examine; to consider
宏大	宏大	hong2da4	hóngdà	great; grand
洪水	洪水	hong2shui3	hóngshuǐ	deluge; flood
忽略	忽略	hu1lüe4	hūlüè	to neglect; to overlook; to ignore
壶	壺	hu2	hú	pot; classifier for bottled liquid
互动	互動	hu4dong4	hùdòng	to interact; interactive
户外	戶外	hu4wai4	hùwài	outdoor
护	護	hu4	hù	to protect
花费	花費	hua1fei4	huāfèi	expense; cost; to spend (time or money)
花瓶	花瓶	hua1ping2	huāpíng	flower vase; (fig.) female employee considered to be just a pretty face (attractive but not very competent)
花生	花生	hua1sheng1	huāshēng	peanut; groundnut
化解	化解	hua4jie3	huàjiě	to dissolve; to resolve (contradictions); to dispel (doubts)
幻想	幻想	huan4xiang3	huànxiǎng	delusion; fantasy
患者	患者	huan4zhe3	huànzhě	patient; sufferer
皇帝	皇帝	huang2di4	huángdì	emperor
回应	回應	hui2ying4	huíyìng	to respond; response
毁	毀	hui3	huǐ	to destroy; to ruin; to defame; to slander
会见	會見	hui4jian4	huìjiàn	to meet with (sb who is paying a visit)
会长	會長	hui4zhang3	huìzhǎng	president of a club, committee etc
绘画	繪畫	hui4hua4	huìhuà	drawing; painting
昏	昏	hun1	hūn	muddle-headed; twilight; to faint
混	混	hun4	hùn	to mix; to mingle; muddled
混合	混合	hun4he2	hùnhé	to mix; to blend; hybrid
混乱	混亂	hun4luan4	hùnluàn	confusion; chaos; disorder
活跃	活躍	huo2yue4	huóyuè	active; lively; excited
火箭	火箭	huo3jian4	huǒjiàn	rocket
机动车	機動車	ji1dong4che1	jīdòngchē	motor vehicle
机关	機關	ji1guan1	jīguān	mechanism; gear; machine-operated; office; agency; organ; organization; establishment; institution; body
机械	機械	ji1xie4	jīxiè	machine; machinery; mechanical
基督教	基督教	Ji1du1jiao4	Jīdūjiào	Christianity; Christian
激情	激情	ji1qing2	jīqíng	passion; fervor; enthusiasm
吉利	吉利	ji2li4	jílì	auspicious; lucky; propitious
吉祥	吉祥	ji2xiang2	jíxiáng	lucky; auspicious; propitious
极端	極端	ji2duan1	jíduān	extreme
急救	急救	ji2jiu4	jíjiù	to give emergency treatment; first aid
疾病	疾病	ji2bing4	jíbìng	disease; sickness; ailment
集	集	ji2	jí	to gather; to collect; collected works
给予	給予	ji3yu3	jǐyǔ	(literary) to give; to accord; to render
加盟	加盟	jia1meng2	jiāméng	to become a member of an alliance or union; to align; to join
家电	家電	jia1dian4	jiādiàn	household electric appliance; abbr. for 家用电器
家园	家園	jia1yuan2	jiāyuán	home; homeland
嘉宾	嘉賓	jia1bin1	jiābīn	esteemed guest; honored guest; guest (on a show)
假日	假日	jia4ri4	jiàrì	holiday; non-working day
尖	尖	jian1	jiān	pointed; tapering; sharp; (of a sound) shrill; piercing; (of one's hearing, sight etc) sharp; acute; keen
监测	監測	jian1ce4	jiāncè	to monitor
监督	監督	jian1du1	jiāndū	to control; to supervise; to inspect
捡	撿	jian3	jiǎn	to pick up; to collect; to gather
简介	簡介	jian3jie4	jiǎnjiè	summary; brief introduction
剑	劍	jian4	jiàn	double-edged sword; classifier for blows of a sword
鉴定	鑑定	jian4ding4	jiàndìng	to appraise; to identify; to evaluate
箭	箭	jian4	jiàn	arrow
将军	將軍	jiang1jun1	jiāngjūn	general; high-ranking military officer; to check or checkmate
讲课	講課	jiang3ke4	jiǎngkè	teach; lecture
酱	醬	jiang4	jiàng	thick paste of fermented soybean; marinated in soy paste; paste
酱油	醬油	jiang4you2	jiàngyóu	soy sauce
骄傲	驕傲	jiao1ao4	jiāoào	pride; arrogance; conceited
焦点	焦點	jiao1dian3	jiāodiǎn	focal point; focus (lit. and fig.)
脚印	腳印	jiao3yin4	jiǎoyìn	footprint
觉	覺	jue2	jué	to feel; to find that; thinking
教堂	教堂	jiao4tang2	jiàotáng	church; chapel
教育部	教育部	Jiao4yu4bu4	Jiàoyùbù	Ministry of Education
接收	接收	jie1shou1	jiēshōu	reception (of transmitted signal); to receive; to accept
揭	揭	jie1	jiē	to take the lid off; to expose; to unmask
街头	街頭	jie1tou2	jiētóu	street
节假日	節假日	jie2jia4ri4	jiéjiàrì	public holiday
节能	節能	jie2neng2	jiénéng	to save energy; energy-saving
节奏	節奏	jie2zou4	jiézòu	rhythm; tempo; musical pulse
杰出	傑出	jie2chu1	jiéchū	outstanding; distinguished; remarkable
截止	截止	jie2zhi3	jiézhǐ	to close; to stop; to put a stop to sth
截至	截至	jie2zhi4	jiézhì	up to (a time); by (a time)
解	解	jie3	jiě	to divide; to break up; to split
解说	解說	jie3shuo1	jiěshuō	to explain (verbally); to give a running commentary
界	界	jie4	jiè	boundary; scope | circle; world (e.g. 文艺界 the arts world)
借鉴	借鑒	jie4jian4	jièjiàn	to draw on (others' experience); to learn from (how others do things); lesson to be learned (by observing others)
金额	金額	jin1e2	jīné	sum of money; monetary value
金钱	金錢	jin1qian2	jīnqián	money; currency
金融	金融	jin1rong2	jīnróng	banking; finance; financial
尽	盡	jin4	jìn	to use up; to exhaust; to end
进攻	進攻	jin4gong1	jìngōng	to attack; to assault; to go on the offensive
近日	近日	jin4ri4	jìnrì	(in) the past few days; recently; (within) the next few days
近视	近視	jin4shi4	jìnshì	shortsighted; nearsighted; myopia
惊人	驚人	jing1ren2	jīngrén	astonishing
惊喜	驚喜	jing1xi3	jīngxǐ	nice surprise; to be pleasantly surprised
精	精	jing1	jīng	essence; extract; vitality
精美	精美	jing1mei3	jīngměi	delicate; fine; refinement
精品	精品	jing1pin3	jīngpǐn	quality goods; premium product; fine work (of art)
井	井	jing3	jǐng	a well; neat; orderly
景	景	jing3	jǐng	(bound form) scenery; circumstance; situation
景点	景點	jing3dian3	jǐngdiǎn	tourist attraction; scenic spot
净	淨	jing4	jìng	clean; completely; only
纠纷	糾紛	jiu1fen1	jiūfēn	dispute
纠正	糾正	jiu1zheng4	jiūzhèng	to correct; to make right
酒水	酒水	jiu3shui3	jiǔshuǐ	beverage; drink
救命	救命	jiu4ming4	jiùmìng	to save sb's life; (interj.) Help!; Save me!
救援	救援	jiu4yuan2	jiùyuán	to save; to support; to help
救助	救助	jiu4zhu4	jiùzhù	to help sb in trouble; aid; assistance
就是说	就是說	jiu4shi4shuo1	jiùshìshuō	in other words; that is
就算	就算	jiu4suan4	jiùsuàn	(coll.) even if
剧	劇	ju4	jù	theatrical work (play, opera, TV series etc); dramatic (change, increase etc); acute
据	據	ju4	jù	according to; to act in accordance with; to depend on
捐	捐	juan1	juān	to relinquish; to abandon; to contribute; to donate; (bound form) tax; levy
捐款	捐款	juan1kuan3	juānkuǎn	to donate money; to contribute funds; donation
捐赠	捐贈	juan1zeng4	juānzèng	to contribute (as a gift); to donate; benefaction
捐助	捐助	juan1zhu4	juānzhù	to donate; to offer (aid); contribution
决策	決策	jue2ce4	juécè	strategic decision; decision-making; policy decision
觉悟	覺悟	jue2wu4	juéwù	to come to understand; to realize; consciousness
绝	絕	jue2	jué	to cut short; extinct; to disappear
绝大多数	絕大多數	jue2da4duo1shu4	juédàduōshù	the vast majority
军队	軍隊	jun1dui4	jūnduì	armed forces; troops
军舰	軍艦	jun1jian4	jūnjiàn	warship; military naval vessel
军事	軍事	jun1shi4	jūnshì	military affairs; (attributive) military
开创	開創	kai1chuang4	kāichuàng	to initiate; to start; to found
开关	開關	kai1guan1	kāiguān	power switch; gas valve; to open the city (or frontier) gate
开设	開設	kai1she4	kāishè	to offer (goods or services); to open (for business etc)
开通	開通	kai1tong1	kāitōng	to open (a new road or railway line); to set up (a hotline); to launch (a service); to subscribe to (a members-only service)
开头	開頭	kai1tou2	kāitóu	beginning; to start
开夜车	開夜車	kai1ye4che1	kāiyèchē	to burn the midnight oil; to work late into the night
看管	看管	kan1guan3	kānguǎn	to look after
看得见	看得見	kan4de2jian4	kàndéjiàn	can see; visible
看得起	看得起	kan4de5qi3	kàndeqǐ	to show respect for; to think highly of
看好	看好	kan4hao3	kànhǎo	to keep an eye on
看作	看作	kan4zuo4	kànzuò	to look upon as; to regard as
康复	康復	kang1fu4	kāngfù	to recuperate; to recover (health); to convalesce
抗议	抗議	kang4yi4	kàngyì	to protest; protest
考场	考場	kao3chang3	kǎochǎng	exam room
考题	考題	kao3ti2	kǎotí	exam question
科研	科研	ke1yan2	kēyán	(scientific) research
客车	客車	ke4che1	kèchē	coach; bus; passenger train
肯	肯	ken3	kěn	to agree; to consent; to be willing to
空军	空軍	kong1jun1	kōngjūn	air force
口试	口試	kou3shi4	kǒushì	oral examination; oral test
扣	扣	kou4	kòu	to fasten; to button; button
酷	酷	ku4	kù	ruthless; strong (e.g. of wine); (loanword) cool
跨	跨	kua4	kuà	to step across; to stride over; to straddle
快车	快車	kuai4che1	kuàichē	express (train, bus etc)
宽阔	寬闊	kuan1kuo4	kuānkuò	expansive; wide; width
矿	礦	kuang4	kuàng	mineral deposit; ore deposit; ore; a mine
阔	闊	kuo4	kuò	rich; wide; broad
啦	啦	la1	lā	(onom.) sound of singing, cheering etc; (phonetic); (dialect) to chat
来往	來往	lai2wang3	láiwǎng	to come and go; to have dealings with; to be in relation with
赖	賴	lai4	lài	to depend on; to hang on in a place; bad
栏目	欄目	lan2mu4	lánmù	regular column or segment (in a publication or broadcast program); program (TV or radio)
蓝领	藍領	lan2ling3	lánlǐng	blue-collar; blue-collar worker
蓝天	藍天	lan2tian1	lántiān	blue sky
懒	懶	lan3	lǎn	lazy
牢	牢	lao2	láo	firm; sturdy; fold (for animals)
老乡	老鄉	lao3xiang1	lǎoxiāng	fellow townsman; fellow villager; sb from the same hometown
冷气	冷氣	leng3qi4	lěngqì	air conditioning (Tw)
冷水	冷水	leng3shui3	lěngshuǐ	cold water; unboiled water; fig. not yet ready (of plans)
礼堂	禮堂	li3tang2	lǐtáng	assembly hall; auditorium
理	理	li3	lǐ	texture; grain (of wood); inner essence
理财	理財	li3cai2	lǐcái	to manage wealth; to manage finances; money management
理智	理智	li3zhi4	lǐzhì	reason; intellect; rationality
利	利	li4	lì	sharp; favorable; advantage
联盟	聯盟	lian2meng2	liánméng	alliance; union; coalition
联赛	聯賽	lian2sai4	liánsài	(sports) league; league tournament
联手	聯手	lian2shou3	liánshǒu	lit. to join hands; to act together
凉鞋	涼鞋	liang2xie2	liángxié	sandal
两侧	兩側	liang3ce4	liǎngcè	two sides; both sides
两手	兩手	liang3shou3	liǎngshǒu	one's two hands; two prongs (of a strategy); both aspects, eventualities etc
聊	聊	liao2	liáo	to chat; to depend upon (literary); temporarily
聊天儿	聊天兒	liao2tian1r5	liáotiānr	erhua variant of 聊天; to chat; to gossip
料	料	liao4	liào	material; ingredient | to expect; to anticipate
裂	裂	lie4	liè	to split; to crack; to break open
灵活	靈活	ling2huo2	línghuó	flexible; nimble; agile
领取	領取	ling3qu3	lǐngqǔ	to receive; to draw; to get
领袖	領袖	ling3xiu4	lǐngxiù	leader
另	另	ling4	lìng	other; another; separate
留言	留言	liu2yan2	liúyán	to leave a message; to leave one's comments; message
流感	流感	liu2gan3	liúgǎn	flu; influenza
楼道	樓道	lou2dao4	lóudào	corridor; passageway (in storied building)
楼房	樓房	lou2fang2	lóufáng	a building of two or more stories
露	露	lu4, lou4	lù, lòu	dew; to reveal; to expose | to show; to be exposed (colloquial, e.g. 露馅)
陆军	陸軍	lu4jun1	lùjūn	army; ground forces
录像	錄像	lu4xiang4	lùxiàng	to videotape; to videorecord; video recording
录音机	錄音機	lu4yin1ji1	lùyīnjī	(tape) recording machine; tape recorder
路过	路過	lu4guo4	lùguò	to pass by or through
旅店	旅店	lü3dian4	lǚdiàn	inn; small hotel
绿化	綠化	lü4hua4	lǜhuà	to make green with plants; to reforest; (Internet slang) Islamization
马车	馬車	ma3che1	mǎchē	cart; chariot; carriage
嘛	嘛	ma5	ma	(modal particle indicating something is obvious)
埋	埋	mai2	mái	to bury
馒头	饅頭	man2tou5	mántou	steamed roll; steamed bun; steamed bread
慢车	慢車	man4che1	mànchē	local bus or train; slow train with many stops
盲人	盲人	mang2ren2	mángrén	blind person
梅花	梅花	mei2hua1	méihuā	plum blossom; clubs ♣ (a suit in card games); wintersweet (dialect)
美容	美容	mei3rong2	měiróng	to improve one's appearance (using cosmetics or cosmetic surgery); to make oneself more attractive; to beautify
蒙	蒙	meng2, meng1	méng, mēng	ignorant; to cover; to suffer | to deceive; to cheat; dazed
猛	猛	meng3	měng	ferocious; fierce; violent
棉	棉	mian2	mián	generic term for cotton or kapok; cotton; padded or quilted with cotton
免得	免得	mian3de5	miǎnde	so as not to; so as to avoid
面对面	面對面	mian4dui4mian4	miànduìmiàn	face to face
面向	面嚮	mian4xiang4	miànxiàng	to face; to turn towards; to incline to
妙	妙	miao4	miào	clever; wonderful
灭	滅	mie4	miè	to extinguish or put out; to go out (of a fire etc); to exterminate or wipe out
民歌	民歌	min2ge1	míngē	folk song
民工	民工	min2gong1	míngōng	migrant worker (who moved from a rural area of China to a city to find work); temporary worker enlisted on a public project
民警	民警	min2jing3	mínjǐng	civil police; PRC police; abbr. for 人民警察
民意	民意	min2yi4	mínyì	public opinion; popular will; public will
民主	民主	min2zhu3	mínzhǔ	democracy
名额	名額	ming2e2	míngé	quota; number of places; place (in an institution, a group etc)
名胜	名勝	ming2sheng4	míngshèng	a place famous for its scenery or historical relics; scenic spot
名义	名義	ming2yi4	míngyì	name; titular; nominal
名誉	名譽	ming2yu4	míngyù	fame; reputation; honor
明日	明日	ming2ri4	míngrì	tomorrow
命	命	ming4	mìng	life; fate; order or command
膜	膜	mo2	mó	membrane; film
磨	磨	mo2	mó	to rub; to grind; to polish
没收	沒收	mo4shou1	mòshōu	to confiscate; to seize
墨水	墨水	mo4shui3	mòshuǐ	ink
母	母	mu3	mǔ	mother; elderly female relative; origin
母鸡	母雞	mu3ji1	mǔjī	hen; don't know (humorous slang mimicking Cantonese 唔知, Jyutping: m4 zi1)
母女	母女	mu3nü3	mǔnǚ	mother and daughter; mother-daughter
母子	母子	mu3zi3	mǔzǐ	mother and child; parent and subsidiary (companies); principal and interest
墓	墓	mu4	mù	grave; tomb; mausoleum
拿走	拿走	na2zou3	názǒu	to take away
奶粉	奶粉	nai3fen3	nǎifěn	powdered milk
奶牛	奶牛	nai3niu2	nǎiniú	milk cow; dairy cow
难忘	難忘	nan2wang4	nánwàng	unforgettable
内地	內地	nei4di4	nèidì	inland; interior; hinterland
内外	內外	nei4wai4	nèiwài	inside and outside; domestic and foreign; approximately
内衣	內衣	nei4yi1	nèiyī	undergarment; underwear
能否	能否	neng2fou3	néngfǒu	whether or not; can it or can't it; is it possible?
泥	泥	ni2	ní	mud; clay; paste
扭	扭	niu3	niǔ	to turn; to twist; to wring
排行榜	排行榜	pai2hang2bang3	páihángbǎng	the charts (of best-sellers); table of ranking
派出	派出	pai4chu1	pàichū	to send; to dispatch
判	判	pan4	pàn	to judge; to sentence; to discriminate
盼望	盼望	pan4wang4	pànwàng	to hope for; to look forward to
泡	泡	pao4	pào	bubble; foam; blister; to soak; to steep; to infuse
炮	炮	pao4	pào	cannon; firecracker
陪同	陪同	pei2tong2	péitóng	to accompany
配置	配置	pei4zhi4	pèizhì	to deploy; to allocate; configuration
皮球	皮球	pi2qiu2	píqiú	ball (made of rubber, leather etc)
偏	偏	pian1	piān	to lean; to slant; oblique
贫困	貧困	pin2kun4	pínkùn	impoverished; poverty
品牌	品牌	pin3pai2	pǐnpái	brand name; trademark
聘请	聘請	pin4qing3	pìnqǐng	to engage; to hire (a lawyer etc)
平凡	平凡	ping2fan2	píngfán	commonplace; ordinary; mediocre
平方米	平方米	ping2fang1mi3	píngfāngmǐ	square meter
平衡	平衡	ping2heng2	pínghéng	balance; equilibrium
平台	平臺	ping2tai2	píngtái	platform; terrace; flat-roofed building
评	評	ping2	píng	to discuss; to comment; to criticize
评选	評選	ping2xuan3	píngxuǎn	to select on the basis of a vote or consensus
屏幕	屏幕	ping2mu4	píngmù	screen (TV, computer or movie)
坡	坡	po1	pō	slope; sloping; slanted
扑	撲	pu1	pū	to throw oneself at; to pounce on; to devote one's energies
铺	鋪	pu4	pù	plank bed; place to sleep; shop
欺负	欺負	qi1fu5	qīfu	to bully
奇妙	奇妙	qi2miao4	qímiào	fantastic; wonderful
企图	企圖	qi3tu2	qǐtú	to attempt; to try; attempt
起点	起點	qi3dian3	qǐdiǎn	starting point
起诉	起訴	qi3su4	qǐsù	to sue; to bring a lawsuit against; to prosecute
气氛	氣氛	qi4fen1	qìfēn	atmosphere; mood
恰当	恰當	qia4dang4	qiàdàng	appropriate; suitable
恰好	恰好	qia4hao3	qiàhǎo	as it turns out; by lucky coincidence; (of number, time, size etc) just right
恰恰	恰恰	qia4qia4	qiàqià	exactly; just; precisely
牵	牽	qian1	qiān	to lead along; to pull (an animal on a tether); (bound form) to involve
铅笔	鉛筆	qian1bi3	qiānbǐ	(lead) pencil
谦虚	謙虛	qian1xu1	qiānxū	modest; self-effacing; to make modest remarks
前方	前方	qian2fang1	qiánfāng	ahead; the front
前来	前來	qian2lai2	qiánlái	to come (formal); before; previously
潜力	潛力	qian2li4	qiánlì	potential; capacity
强盗	強盜	qiang2dao4	qiángdào	to rob (with force); bandit; robber
强化	強化	qiang2hua4	qiánghuà	to strengthen; to intensify
强势	強勢	qiang2shi4	qiángshì	strong; powerful; (linguistics) emphatic
强壮	強壯	qiang2zhuang4	qiángzhuàng	strong; sturdy; robust
桥梁	橋梁	qiao2liang2	qiáoliáng	bridge (lit. and fig.)
巧妙	巧妙	qiao3miao4	qiǎomiào	ingenious; clever; ingenuity; artifice
茄子	茄子	qie2zi5	qiézi	eggplant (Solanum melongena L.); aubergine; brinjal
切实	切實	qie4shi2	qièshí	feasible; realistic; practical
侵犯	侵犯	qin1fan4	qīnfàn	to infringe on; to encroach on; to violate
亲属	親屬	qin1shu3	qīnshǔ	kin; kindred; relatives
亲眼	親眼	qin1yan3	qīnyǎn	with one's own eyes; personally
倾向	傾向	qing1xiang4	qīngxiàng	trend; tendency; orientation
清	清	qing1	qīng	(of water etc) clear; clean; quiet; still; pure; uncorrupted
清洁	清潔	qing1jie2	qīngjié	clean; to clean
清洁工	清潔工	qing1jie2gong1	qīngjiégōng	cleaner; janitor; garbage collector
清明节	清明節	Qing1ming2jie2	Qīngmíngjié	Qingming or Pure Brightness Festival or Tomb Sweeping Day, celebration for the dead (in early April)
清洗	清洗	qing1xi3	qīngxǐ	to wash; to clean; to purge
情绪	情緒	qing2xu4	qíngxù	mood; state of mind; moodiness
求职	求職	qiu2zhi2	qiúzhí	to seek employment
球拍	球拍	qiu2pai1	qiúpāi	racket
球星	球星	qiu2xing1	qiúxīng	sports star (ball sport)
球员	球員	qiu2yuan2	qiúyuán	(ball sports) player; team member
区分	區分	qu1fen1	qūfēn	to differentiate; to draw a distinction; to divide into categories
渠道	渠道	qu2dao4	qúdào	irrigation ditch; (fig.) channel; means
取款	取款	qu3kuan3	qǔkuǎn	to withdraw money from a bank
取款机	取款機	qu3kuan3ji1	qǔkuǎnjī	ATM
去掉	去掉	qu4diao4	qùdiào	to get rid of; to exclude; to eliminate
权	權	quan2	quán	authority; power; right
权力	權力	quan2li4	quánlì	power; authority
全力	全力	quan2li4	quánlì	with all one's strength; full strength; all-out (effort)
全新	全新	quan2xin1	quánxīn	all new; completely new
券	券	quan4	quàn	bond (esp. document split in two, with each party holding one half); contract; deed (i.e. title deeds)
缺陷	缺陷	que1xian4	quēxiàn	defect; flaw
却是	卻是	que4shi4	quèshì	nevertheless; actually; the fact is ...
让座	讓座	rang4zuo4	ràngzuò	to give up one's seat for sb
热点	熱點	re4dian3	rèdiǎn	hot spot; point of special interest
热水	熱水	re4shui3	rèshuǐ	hot water
热水器	熱水器	re4shui3qi4	rèshuǐqì	water heater
热线	熱線	re4xian4	rèxiàn	hotline (communications link)
人权	人權	ren2quan2	rénquán	human rights
认同	認同	ren4tong2	rèntóng	to approve of; to endorse; to acknowledge
日夜	日夜	ri4ye4	rìyè	day and night; around the clock
日语	日語	Ri4yu3	Rìyǔ	Japanese language
融合	融合	rong2he2	rónghé	a mixture; an amalgam; fusion
融入	融入	rong2ru4	róngrù	to blend into; to integrate; to assimilate
如	如	ru2	rú	as; as if; such as
如一	如一	ru2yi1	rúyī	consistent; the same; unvarying
乳制品	乳製品	ru3zhi4pin3	rǔzhìpǐn	dairy products
入	入	ru4	rù	to enter; to go into; to join
入学	入學	ru4xue2	rùxué	to enter a school or college; to go to school for the first time as a child
若	若	ruo4	ruò	to seem; like; as
塞	塞	sai1	sāi	to stop up; to squeeze in; to stuff
赛	賽	sai4	sài	to compete; competition; match
赛场	賽場	sai4chang3	sàichǎng	racetrack; field (for athletics competition)
三明治	三明治	san1ming2zhi4	sānmíngzhì	sandwich (loanword)
丧失	喪失	sang4shi1	sàngshī	to lose; to forfeit
山峰	山峰	shan1feng1	shānfēng	(mountain) peak
山谷	山谷	shan1gu3	shāngǔ	valley; ravine
山坡	山坡	shan1po1	shānpō	hillside
伤口	傷口	shang1kou3	shāngkǒu	wound; cut
伤亡	傷亡	shang1wang2	shāngwáng	casualties; injuries and deaths
伤员	傷員	shang1yuan2	shāngyuán	wounded person
商城	商城	shang1cheng2	shāngchéng	shopping center; department store
上当	上當	shang4dang4	shàngdàng	taken in (by sb's deceit); to be fooled; to be duped
上帝	上帝	Shang4di4	Shàngdì	God
上市	上市	shang4shi4	shàngshì	to hit the market (of a new product); to float (a company on the stock market)
上台	上台	shang4tai2	shàngtái	to rise to power (in politics); to go on stage (in the theater)
上演	上演	shang4yan3	shàngyǎn	to screen (a movie); to stage (a play); a screening
勺	勺	shao2	sháo	spoon; ladle; abbr. for 勺, centiliter (unit of volume)
少儿	少兒	shao4er2	shàoér	child
舌头	舌頭	she2tou5	shétou	tongue; enemy soldier captured for the purpose of extracting information
设计师	設計師	she4ji4shi1	shèjìshī	designer; architect
涉及	涉及	she4ji2	shèjí	to involve; to touch upon (a topic)
深化	深化	shen1hua4	shēnhuà	to deepen; to intensify
深深	深深	shen1shen1	shēnshēn	deep; profound
审查	審查	shen3cha2	shěnchá	to examine; to investigate; to censor out
升级	升級	sheng1ji2	shēngjí	to go up by one grade; to be promoted; to escalate (in intensity); (computing) to upgrade
升学	升學	sheng1xue2	shēngxué	to enter the next grade school
升值	升值	sheng1zhi2	shēngzhí	to rise in value; to appreciate
生活费	生活費	sheng1huo2fei4	shēnghuófèi	cost of living; living expenses; alimony
省钱	省錢	sheng3qian2	shěngqián	to save money
圣诞节	聖誕節	Sheng4dan4jie2	Shèngdànjié	Christmas time; Christmas season; Christmas
盛行	盛行	sheng4xing2	shèngxíng	to be in vogue; to be popular; to be prevalent
师父	師父	shi1fu5	shīfu	used for 师傅 (in Taiwan); master; qualified worker
师生	師生	shi1sheng1	shīshēng	teachers and students
时而	時而	shi2er2	shíér	occasionally; from time to time
时节	時節	shi2jie2	shíjié	season; time
时期	時期	shi2qi1	shíqī	period; phase
时时	時時	shi2shi2	shíshí	often; constantly
时装	時裝	shi2zhuang1	shízhuāng	fashion; fashionable clothes
识	識	shi2	shí	to know; knowledge; Taiwan pr. [shì]
识字	識字	shi2zi4	shízì	to learn to read
实践	實踐	shi2jian4	shíjiàn	practice; to put into practice; to live up to (a promise)
食欲	食慾	shi2yu4	shíyù	appetite
市民	市民	shi4min2	shìmín	city resident
事后	事後	shi4hou4	shìhòu	after the event; in hindsight; in retrospect
试点	試點	shi4dian3	shìdiǎn	test point; to carry out trial; pilot scheme
适当	適當	shi4dang4	shìdàng	suitable; appropriate
收藏	收藏	shou1cang2	shōucáng	to collect (works of art, dolls, antiques etc); to put away for safekeeping; (Internet) to bookmark; a collection
收取	收取	shou1qu3	shōuqǔ	to receive; to collect
收养	收養	shou1yang3	shōuyǎng	to take in and care for (an elderly person, a dog etc); to adopt (a child); adoption
手续费	手續費	shou3xu4fei4	shǒuxùfèi	service charge; processing fee; commission
首次	首次	shou3ci4	shǒucì	first; first time; for the first time
首脑	首腦	shou3nao3	shǒunǎo	head (of state); summit (meeting); leader
首席	首席	shou3xi2	shǒuxí	chief (representative, correspondent etc)
首相	首相	shou3xiang4	shǒuxiàng	prime minister (of Japan or UK etc)
书房	書房	shu1fang2	shūfáng	study (room); studio
薯片	薯片	shu3pian4	shǔpiàn	fried potato chips
薯条	薯條	shu3tiao2	shǔtiáo	french fries; french fried potatoes; chips
双打	雙打	shuang1da3	shuāngdǎ	doubles (in sports)
爽	爽	shuang3	shuǎng	bright; clear; crisp
水泥	水泥	shui3ni2	shuǐní	cement
税	稅	shui4	shuì	taxes; duties
顺	順	shun4	shùn	to obey; to follow; to arrange
说明书	說明書	shuo1ming2shu1	shuōmíngshū	(technical) manual; (book of) directions; synopsis (of a play or film)
说实话	說實話	shuo1shi2hua4	shuōshíhuà	to speak the truth; truth to tell; frankly
司长	司長	si1zhang3	sīzhǎng	bureau chief
死亡	死亡	si3wang2	sǐwáng	to die; death
四处	四處	si4chu4	sìchù	all over the place; everywhere and all directions
寺	寺	si4	sì	Buddhist temple; mosque; government office (old)
送礼	送禮	song4li3	sònglǐ	to give a present
送行	送行	song4xing2	sòngxíng	to see someone off; to throw someone a send-off party
素质	素質	su4zhi4	sùzhì	inner quality; basic essence
算了	算了	suan4le5	suànle	let it be; let it pass; forget about it
算是	算是	suan4shi4	suànshì	considered to be; at last
虽	雖	sui1	suī	although; even though
岁数	歲數	sui4shu5	suìshu	age (number of years old)
踏实	踏實	ta1shi5	tāshi	firmly-based; steady; steadfast
塔	塔	ta3	tǎ	pagoda; tower; minaret
踏	踏	ta4	tà	to tread; to stamp; to step on
台灯	檯燈	tai2deng1	táidēng	desk lamp; table lamp
太阳能	太陽能	tai4yang2neng2	tàiyángnéng	solar energy
叹气	嘆氣	tan4qi4	tànqì	to sigh; to heave a sigh
探索	探索	tan4suo3	tànsuǒ	to explore; to probe
探讨	探討	tan4tao3	tàntǎo	to investigate; to probe
趟	趟	tang4	tàng	to wade; to trample; to turn the soil
掏	掏	tao1	tāo	to fish out (from pocket); to scoop
特	特	te4	tè	special; unique; distinguished
特大	特大	te4da4	tèdà	exceptionally big
特地	特地	te4di4	tèdì	specially; for a special purpose
特快	特快	te4kuai4	tèkuài	express (train, delivery etc)
特意	特意	te4yi4	tèyì	specially; intentionally
疼痛	疼痛	teng2tong4	téngtòng	pain; (of a body part) to be painful; to be sore; to hurt; (of a person) to be in pain
踢	踢	ti1	tī	to kick; to play (e.g. soccer); (slang) butch (in a lesbian relationship)
提交	提交	ti2jiao1	tíjiāo	to submit (a report etc); to refer (a problem) to sb
提升	提升	ti2sheng1	tíshēng	to promote (to a higher-ranking position); to lift; to hoist; (fig.) to elevate; to raise; to improve
天然	天然	tian1ran2	tiānrán	natural
天堂	天堂	tian1tang2	tiāntáng	paradise; heaven
天下	天下	tian1xia4	tiānxià	land under heaven; the whole world; the whole of China
添	添	tian1	tiān	to add; to increase; to replenish
田	田	tian2	tián	field; farm
田径	田徑	tian2jing4	tiánjìng	track and field (athletics)
跳水	跳水	tiao4shui3	tiàoshuǐ	to dive (into water); (sports) diving; to commit suicide by jumping into water
听取	聽取	ting1qu3	tīngqǔ	to hear (news); to listen to
通报	通報	tong1bao4	tōngbào	to inform; to notify; to announce
通道	通道	tong1dao4	tōngdào	(communications) channel; thoroughfare; passage
通红	通紅	tong1hong2	tōnghóng	very red; red through and through; to blush (deep red)
通话	通話	tong1hua4	tōnghuà	to hold a conversation; to talk over the telephone; phone call
通行	通行	tong1xing2	tōngxíng	to go through; to pass through; to be in general use
通讯	通訊	tong1xun4	tōngxùn	communications; news story; dispatch
同	同	tong2	tóng	like; same; similar
同胞	同胞	tong2bao1	tóngbāo	born of the same parents; sibling; fellow citizen
同行	同行	tong2hang2	tóngháng	person of the same profession; of the same trade, occupation or industry
同期	同期	tong2qi1	tóngqī	the corresponding time period (in a different year etc); concurrent; synchronous
同一	同一	tong2yi1	tóngyī	identical; the same
铜牌	銅牌	tong2pai2	tóngpái	bronze medal; bronze plaque bearing a business name or logo etc
头疼	頭疼	tou2teng2	tóuténg	headache
投票	投票	tou2piao4	tóupiào	to vote; vote
透露	透露	tou4lu4	tòulù	to leak out; to divulge; to reveal
图书	圖書	tu2shu1	túshū	books (in a library or bookstore)
徒弟	徒弟	tu2di4	túdì	apprentice; disciple
途径	途徑	tu2jing4	tújìng	way; means; channel
团队	團隊	tuan2dui4	tuánduì	team
推出	推出	tui1chu1	tuīchū	to push out; to release; to launch
退票	退票	tui4piao4	tuìpiào	to bounce (a check); to return a ticket; ticket refund
吞	吞	tun1	tūn	to swallow; to take
托	托	tuo1	tuō	prop; support (for weight); rest (e.g. arm rest)
拖	拖	tuo1	tuō	to drag; to tow; to trail
拖鞋	拖鞋	tuo1xie2	tuōxié	slippers; sandals; flip-flops
挖	挖	wa1	wā	to dig; to excavate; to scoop out
娃娃	娃娃	wa2wa5	wáwa	baby; small child; doll
哇	哇	wa1	wā	Wow!; sound of a child's crying; sound of vomiting
外币	外幣	wai4bi4	wàibì	foreign currency
外部	外部	wai4bu4	wàibù	the outside; (attributive) external; exterior; surface
外出	外出	wai4chu1	wàichū	to go out; to go away (on a trip etc)
外观	外觀	wai4guan1	wàiguān	outward appearance
外科	外科	wai4ke1	wàikē	surgery (branch of medicine)
外来	外來	wai4lai2	wàilái	external; foreign; outside
外头	外頭	wai4tou5	wàitou	outside; out
外衣	外衣	wai4yi1	wàiyī	outer clothing; semblance; appearance
外资	外資	wai4zi1	wàizī	foreign investment
弯曲	彎曲	wan1qu1	wānqū	to bend; to curve around; curved
顽皮	頑皮	wan2pi2	wánpí	naughty
顽强	頑強	wan2qiang2	wánqiáng	tenacious; hard to defeat
王后	王后	wang2hou4	wánghòu	queen
王子	王子	wang2zi3	wángzǐ	prince; son of a king
网吧	網吧	wang3ba1	wǎngbā	Internet café
网页	網頁	wang3ye4	wǎngyè	web page
往后	往後	wang3hou4	wǎnghòu	from now on; in the future; time to come
往来	往來	wang3lai2	wǎnglái	dealings; contacts; to go back and forth
往年	往年	wang3nian2	wǎngnián	in former years; in previous years
望见	望見	wang4jian4	wàngjiàn	to espy; to spot
危机	危機	wei1ji1	wēijī	crisis
威胁	威脅	wei1xie2	wēixié	to threaten; to menace
微波炉	微波爐	wei1bo1lu2	wēibōlú	microwave oven
维生素	維生素	wei2sheng1su4	wéishēngsù	vitamin
为此	為此	wei4ci3	wèicǐ	for this reason; with regards to this; in this respect
为何	為何	wei4he2	wèihé	why
文娱	文娛	wen2yu2	wényú	cultural recreation; entertainment
卧铺	臥鋪	wo4pu4	wòpù	a bed (on a train); a couchette
乌云	烏雲	wu1yun2	wūyún	black cloud
无边	無邊	wu2bian1	wúbiān	without boundary; not bordered
无关	無關	wu2guan1	wúguān	unrelated; having nothing to do (with sth else)
无效	無效	wu2xiao4	wúxiào	not valid; ineffective; in vain
舞蹈	舞蹈	wu3dao3	wǔdǎo	dance (performance art); dancing
物品	物品	wu4pin3	wùpǐn	articles; goods
误	誤	wu4	wù	mistake; error; to miss
西班牙语	西班牙語	Xi1ban1ya2yu3	Xībānyáyǔ	Spanish language
吸毒	吸毒	xi1du2	xīdú	to take drugs
牺牲	犧牲	xi1sheng1	xīshēng	to sacrifice one's life; to sacrifice (sth valued); beast slaughtered as a sacrifice
洗衣粉	洗衣粉	xi3yi1fen3	xǐyīfěn	laundry detergent; washing powder
戏曲	戲曲	xi4qu3	xìqǔ	Chinese opera
细胞	細胞	xi4bao1	xìbāo	cell (biology)
细菌	細菌	xi4jun1	xìjūn	bacterium; germ
先锋	先鋒	xian1feng1	xiānfēng	vanguard; pioneer; avant-garde
嫌	嫌	xian2	xián	to dislike; suspicion; resentment
显出	顯出	xian3chu1	xiǎnchū	to express; to exhibit
险	險	xian3	xiǎn	danger; dangerous; rugged
线路	線路	xian4lu4	xiànlù	(electricity) line; circuit; wire; (traffic) road; track; route
陷入	陷入	xian4ru4	xiànrù	to sink into; to get caught up in; to land in (a predicament)
响声	響聲	xiang3sheng1	xiǎngshēng	noise
想不到	想不到	xiang3bu5dao4	xiǎngbudào	unexpected; hard to imagine; it had not occurred to me
消耗	消耗	xiao1hao4	xiāohào	to use up; to consume
消灭	消滅	xiao1mie4	xiāomiè	to put an end to; to annihilate; to cause to perish
小费	小費	xiao3fei4	xiǎofèi	tip; gratuity
小麦	小麥	xiao3mai4	xiǎomài	wheat
小于	小於	xiao3yu2	xiǎoyú	less than, <
晓得	曉得	xiao3de5	xiǎode	to know
笑脸	笑臉	xiao4lian3	xiàoliǎn	smiling face; smiley :) ☺
笑容	笑容	xiao4rong2	xiàoróng	smile; smiling expression
笑声	笑聲	xiao4sheng1	xiàoshēng	laughter
协会	協會	xie2hui4	xiéhuì	an association; a society
协商	協商	xie2shang1	xiéshāng	to consult with; to talk things over; agreement
协调	協調	xie2tiao2	xiétiáo	to coordinate; to harmonize; to fit together
协助	協助	xie2zhu4	xiézhù	to provide assistance; to aid
写字楼	寫字樓	xie3zi4lou2	xiězìlóu	office building
写字台	寫字檯	xie3zi4tai2	xiězìtái	writing desk
心灵	心靈	xin1ling2	xīnlíng	bright; smart; quick-witted
心愿	心願	xin1yuan4	xīnyuàn	cherished desire; dream; craving
心脏	心臟	xin1zang4	xīnzàng	heart
心脏病	心臟病	xin1zang4bing4	xīnzàngbìng	heart disease
新人	新人	xin1ren2	xīnrén	newcomer; fresh talent; newlywed, esp. new bride
新兴	新興	xin1xing1	xīnxīng	(of markets, industries, infectious diseases etc) rising; emerging; in the ascendant
薪水	薪水	xin1shui3	xīnshuǐ	salary; wage
信仰	信仰	xin4yang3	xìnyǎng	to believe in (a religion); firm belief; conviction
信用	信用	xin4yong4	xìnyòng	trustworthiness; (commerce) credit; (literary) to trust and appoint
兴旺	興旺	xing1wang4	xīngwàng	prosperous; thriving; to prosper
行程	行程	xing2cheng2	xíngchéng	journey; course of a journey; distance traveled
形	形	xing2	xíng	to appear; to look; form
凶	凶	xiong1	xiōng	vicious; fierce; ominous
凶手	兇手	xiong1shou3	xiōngshǒu	murderer; assassin
修车	修車	xiu1che1	xiūchē	to repair a bike (car etc)
袖珍	袖珍	xiu4zhen1	xiùzhēn	pocket-sized; pocket (book etc)
悬	懸	xuan2	xuán	to hang or suspend; to worry; public announcement
旋转	旋轉	xuan2zhuan3	xuánzhuǎn	to rotate; to revolve; to spin
选拔	選拔	xuan3ba2	xuǎnbá	to select the best
选举	選舉	xuan3ju3	xuǎnjǔ	to elect; election
学会	學會	xue2hui4	xuéhuì	to learn; to master; institute
学员	學員	xue2yuan2	xuéyuán	student; member of an institution of learning; officer cadet
血管	血管	xue4guan3	xuèguǎn	vein; artery
血液	血液	xue4ye4	xuèyè	blood
循环	循環	xun2huan2	xúnhuán	to cycle; to circulate; circle
压迫	壓迫	ya1po4	yāpò	to oppress; to repress; to constrict
烟花	煙花	yan1hua1	yānhuā	fireworks; prostitute (esp. in Yuan theater)
沿	沿	yan2	yán	along; to follow (a line, tradition etc); to carry on
沿海	沿海	yan2hai3	yánhǎi	coastal
沿着	沿著	yan2zhe5	yánzhe	to go along; to follow
研发	研發	yan2fa1	yánfā	research and development; to develop
眼看	眼看	yan3kan4	yǎnkàn	soon; in a moment; to look on as sth happens
演奏	演奏	yan3zou4	yǎnzòu	to perform on a musical instrument
宴会	宴會	yan4hui4	yànhuì	banquet; feast; dinner party
洋	洋	yang2	yáng	ocean; vast; foreign
仰	仰	yang3	yǎng	to face upward; to look up; to admire
养老	養老	yang3lao3	yǎnglǎo	to provide for the elderly (family members); to enjoy a life in retirement
氧气	氧氣	yang3qi4	yǎngqì	oxygen
样	樣	yang4	yàng	manner; pattern; way
药品	藥品	yao4pin3	yàopǐn	medicaments; medicine; drug
要不然	要不然	yao4bu4ran2	yàobùrán	otherwise; or else; or
要好	要好	yao4hao3	yàohǎo	to be on good terms; to be close friends; striving for self-improvement
要么	要麼	yao4me5	yàome	or; either one or the other
要素	要素	yao4su4	yàosù	essential factor; key constituent
野	野	ye3	yě	field; plain; open space
野生	野生	ye3sheng1	yěshēng	wild; undomesticated
医药	醫藥	yi1yao4	yīyào	medical care and medicines; medicine (drug); medical
依次	依次	yi1ci4	yīcì	in order; in succession
依赖	依賴	yi1lai4	yīlài	to depend on; to be dependent on
一次性	一次性	yi1ci4xing4	yīcìxìng	one-off (offer); one-time; single-use
一代	一代	yi1dai4	yīdài	generation
一道	一道	yi1dao4	yīdào	together
一贯	一貫	yi1guan4	yīguàn	consistent; constant; from start to finish
一路上	一路上	yi1lu4shang4	yīlùshàng	along the way; the whole way; (fig.) the whole time
仪器	儀器	yi2qi4	yíqì	instrument; apparatus
仪式	儀式	yi2shi4	yíshì	ceremony
遗憾	遺憾	yi2han4	yíhàn	regret; to regret; to be sorry that
一番	一番	yi4fan1	yìfān	Some
一模一样	一模一樣	yi1mu2yi1yang4	yīmúyīyàng	exactly the same (idiom); carbon copy; also pr. [yī mó yī yàng]
一齐	一齊	yi1qi2	yīqí	at the same time; simultaneously
一时	一時	yi1shi2	yīshí	a period of time; a while; for a short while
一同	一同	yi1tong2	yītóng	together
一行	一行	yi1xing2	yīxíng	party; delegation
艺人	藝人	yi4ren2	yìrén	performing artist; actor
议题	議題	yi4ti2	yìtí	topic of discussion; topic; subject
异常	異常	yi4chang2	yìcháng	unusual; abnormal; extremely; exceptionally
意想不到	意想不到	yi4xiang3bu4dao4	yìxiǎngbùdào	unexpected; previously unimagined
意愿	意願	yi4yuan4	yìyuàn	aspiration; wish (for); desire
因	因	yin1	yīn	cause; reason; because
因素	因素	yin1su4	yīnsù	element; factor
阴谋	陰謀	yin1mou2	yīnmóu	to conspire; to plot; a conspiracy; a plot
阴影	陰影	yin1ying3	yīnyǐng	(lit. and fig.) shadow
音量	音量	yin1liang4	yīnliàng	loudness; volume
音像	音像	yin1xiang4	yīnxiàng	audio and video; audiovisual
隐藏	隱藏	yin3cang2	yǐncáng	to hide; to conceal; to mask
隐私	隱私	yin3si1	yǐnsī	secrets; private business; privacy
印	印	yin4	yìn	to print; to mark; to engrave
英雄	英雄	ying1xiong2	yīngxióng	hero
迎来	迎來	ying2lai2	yínglái	to welcome (a visitor or newcomer); (fig.) to usher in
影迷	影迷	ying3mi2	yǐngmí	film enthusiast; movie fan
影星	影星	ying3xing1	yǐngxīng	film star
应对	應對	ying4dui4	yìngduì	to answer; to reply; to handle; to deal with; response
应急	應急	ying4ji2	yìngjí	to respond to an emergency; to meet a contingency; (attributive) emergency
用处	用處	yong4chu5	yòngchu	usefulness
用得着	用得著	yong4de5zhao2	yòngdezháo	to be able to use; useable; to have a use for; (in a question) to be necessary to
用法	用法	yong4fa3	yòngfǎ	usage
用品	用品	yong4pin3	yòngpǐn	articles for use; products; goods
用心	用心	yong4xin1	yòngxīn	motive; intention; to be diligent or attentive
优质	優質	you1zhi4	yōuzhì	excellent quality
游人	遊人	you2ren2	yóurén	a tourist
游玩	遊玩	you2wan2	yóuwán	to amuse oneself; to have fun; to go sightseeing
游戏机	遊戲機	you2xi4ji1	yóuxìjī	video game machine; video game console
游行	遊行	you2xing2	yóuxíng	to march; to parade; to demonstrate; procession; march; demonstration; to travel around; to roam
有关	有關	you3guan1	yǒuguān	to have sth to do with; to relate to; related to
有没有	有沒有	you3mei2you3	yǒuméiyǒu	(before a noun) Do (you, they etc) have ...?; Is there a ...?; (before a verb) Did (you, they etc) (verb, infinitive)?
有事	有事	you3shi4	yǒushì	to be occupied with sth; to have sth on one's mind; there is something the matter
于	於	yu2	yú	(of time or place) in; at; on; (indicating any indirect relation) to; toward; vis-à-vis; with regard to; for; (indicating a source) from; out of
娱乐	娛樂	yu2le4	yúlè	to entertain; to amuse; entertainment
愉快	愉快	yu2kuai4	yúkuài	cheerful; cheerily; delightful
与	與	yu3	yǔ	and; to give; together with
宇航员	宇航員	yu3hang2yuan2	yǔhángyuán	astronaut
雨衣	雨衣	yu3yi1	yǔyī	raincoat
预约	預約	yu4yue1	yùyuē	booking; reservation; to book
元素	元素	yuan2su4	yuánsù	element (key component of sth); (chemistry) element; (math.) element (member of a set)
园	園	yuan2	yuán	land used for growing plants; site used for public recreation; abbr. for a place ending in 园, such as a botanical garden 植物园, kindergarten 幼儿园 etc
园地	園地	yuan2di4	yuándì	garden area
原	原	yuan2	yuán	former; original; primary
原告	原告	yuan2gao4	yuángào	complainant; plaintiff
原谅	原諒	yuan2liang4	yuánliàng	to excuse; to forgive; to pardon
圆珠笔	圓珠筆	yuan2zhu1bi3	yuánzhūbǐ	ballpoint pen
援助	援助	yuan2zhu4	yuánzhù	to help; to support; to aid
缘故	緣故	yuan2gu4	yuángù	reason; cause
远方	遠方	yuan3fang1	yuǎnfāng	far away; a distant location
远离	遠離	yuan3li2	yuǎnlí	to be far from; to keep away from
远远	遠遠	yuan3yuan3	yuǎnyuǎn	distant; by far
约定	約定	yue1ding4	yuēdìng	to agree on sth (after discussion); to conclude a bargain; to arrange
乐曲	樂曲	yue4qu3	yuèqǔ	musical composition
晕	暈	yun1	yūn	confused; dizzy; giddy
允许	允許	yun3xu3	yǔnxǔ	to permit; to allow
运作	運作	yun4zuo4	yùnzuò	to operate; operations; workings
晕车	暈車	yun4che1	yùnchē	to be carsick
杂	雜	za2	zá	mixed; miscellaneous; various
再生	再生	zai4sheng1	zàishēng	to be reborn; to regenerate; to be a second so-and-so (famous dead person)
再说	再說	zai4shuo1	zàishuō	to say again; to put off a discussion until later; moreover
遭到	遭到	zao1dao4	zāodào	to suffer; to meet with (sth unfortunate)
遭受	遭受	zao1shou4	zāoshòu	to suffer; to sustain (loss, misfortune)
遭遇	遭遇	zao1yu4	zāoyù	to meet with; to encounter; (bitter) experience
早晚	早晚	zao3wan3	zǎowǎn	morning and evening; (dialect) some time in the future; some day
增进	增進	zeng1jin4	zēngjìn	to promote; to enhance; to further
增值	增值	zeng1zhi2	zēngzhí	to appreciate (financially); to increase in value; value-added (accountancy)
扎	紮	za1	zā	to tie; to bind; classifier for flowers, banknotes etc: bundle
扎实	扎實	zha1shi5	zhāshi	strong; solid; sturdy
炸	炸	zha4	zhà	to burst; to explode; to blow up
炸弹	炸彈	zha4dan4	zhàdàn	bomb
炸药	炸藥	zha4yao4	zhàyào	explosive (material)
债	債	zhai4	zhài	debt
占据	佔據	zhan4ju4	zhànjù	to occupy; to hold
战场	戰場	zhan4chang3	zhànchǎng	battlefield
战略	戰略	zhan4lüe4	zhànlüè	strategy
战术	戰術	zhan4shu4	zhànshù	tactics
战友	戰友	zhan4you3	zhànyǒu	comrade-in-arms; battle companion
站台	站臺	zhan4tai2	zhàntái	platform (at a railway station); (Tw) (of an influential person) to publicly lend one's support (e.g. for an election candidate); (Tw) website
章	章	zhang1	zhāng	chapter; section; clause
掌声	掌聲	zhang3sheng1	zhǎngshēng	applause
账	賬	zhang4	zhàng	account; bill; debt
账户	賬戶	zhang4hu4	zhànghù	bank account; online account
障碍	障礙	zhang4ai4	zhàngài	barrier; obstruction; hindrance
招	招	zhao1	zhāo	to recruit; to provoke; to beckon
招聘	招聘	zhao1pin4	zhāopìn	to invite applications for a job; to recruit
照样	照樣	zhao4yang4	zhàoyàng	as before; (same) as usual; in the same manner
照耀	照耀	zhao4yao4	zhàoyào	to shine; to illuminate
哲学	哲學	zhe2xue2	zhéxué	philosophy
这就是说	這就是說	zhe4jiu4shi4shuo1	zhèjiùshìshuō	in other words; that is to say
镇	鎮	zhen4	zhèn	to press down; to calm; to subdue
争夺	爭奪	zheng1duo2	zhēngduó	to fight over; to contest; to vie over
整顿	整頓	zheng3dun4	zhěngdùn	to tidy up; to reorganize; to consolidate
整治	整治	zheng3zhi4	zhěngzhì	to bring under control; to regulate; to restore to good condition
正当	正當	zheng4dang4	zhèngdàng	honest; reasonable; fair
政策	政策	zheng4ce4	zhèngcè	policy
政党	政黨	zheng4dang3	zhèngdǎng	political party
政权	政權	zheng4quan2	zhèngquán	regime; political power
症状	症狀	zheng4zhuang4	zhèngzhuàng	symptom (of an illness)
之类	之類	zhi1lei4	zhīlèi	and so on; and such
支撑	支撐	zhi1cheng1	zhīchēng	to prop up; to support; strut
支援	支援	zhi1yuan2	zhīyuán	to provide assistance; to support; to back
枝	枝	zhi1	zhī	branch; classifier for sticks, rods, pencils etc
知名	知名	zhi1ming2	zhīmíng	well-known; famous
织	織	zhi1	zhī	to weave
直升机	直升機	zhi2sheng1ji1	zhíshēngjī	helicopter
职责	職責	zhi2ze2	zhízé	duty; responsibility; obligation
止	止	zhi3	zhǐ	to stop; to prohibit; until
只得	只得	zhi3de2	zhǐdé	to have no alternative but to; to be obliged to
只顾	只顧	zhi3gu4	zhǐgù	solely preoccupied (with one thing); engrossed; focusing (on sth)
只管	只管	zhi3guan3	zhǐguǎn	solely engrossed in one thing; just (one thing, no need to worry about the rest); simply
指定	指定	zhi3ding4	zhǐdìng	to appoint; to assign; to indicate clearly and with certainty
指数	指數	zhi3shu4	zhǐshù	(numerical, statistical) index; (math.) exponent; index
指头	指頭	zhi3tou5	zhǐtou	finger; toe
指着	指著	zhi3zhe5	zhǐzhe	Poke
至于	至於	zhi4yu2	zhìyú	as for; as to; to go so far as to
治病	治病	zhi4bing4	zhìbìng	to treat an illness
智慧	智慧	zhi4hui4	zhìhuì	wisdom; knowledge; intelligent
中等	中等	zhong1deng3	zhōngděng	medium
中华	中華	Zhong1hua2	Zhōnghuá	China (alternate formal name)
中期	中期	zhong1qi1	zhōngqī	middle (of a period of time); medium-term (plan, forecast etc)
中外	中外	zhong1wai4	zhōngwài	Sino-foreign; Chinese-foreign; home and abroad
忠心	忠心	zhong1xin1	zhōngxīn	good faith; devotion; loyalty
钟头	鐘頭	zhong1tou2	zhōngtóu	hour
肿	腫	zhong3	zhǒng	to swell; swelling; swollen
种种	種種	zhong3zhong3	zhǒngzhǒng	all kinds of
粥	粥	zhou1	zhōu	congee; gruel; porridge
珠宝	珠寶	zhu1bao3	zhūbǎo	pearls; jewels; precious stones
诸位	諸位	zhu1wei4	zhūwèi	(pron) everyone; Ladies and Gentlemen; Sirs
主持人	主持人	zhu3chi2ren2	zhǔchírén	TV or radio presenter; host; anchor
主角	主角	zhu3jue2	zhǔjué	leading role; lead; protagonist
主流	主流	zhu3liu2	zhǔliú	main stream (of a river); fig. the essential point; main viewpoint of a matter
煮	煮	zhu3	zhǔ	to cook; to boil
住宅	住宅	zhu4zhai2	zhùzhái	residence; dwelling; abode
驻	駐	zhu4	zhù	to halt; to stay; to be stationed (of troops, diplomats etc)
柱子	柱子	zhu4zi5	zhùzi	pillar
祝愿	祝願	zhu4yuan4	zhùyuàn	to wish
专用	專用	zhuan1yong4	zhuānyòng	special; dedicated
赚	賺	zhuan4	zhuàn	to earn; to make a profit
赚钱	賺錢	zhuan4qian2	zhuànqián	to earn money; moneymaking
装备	裝備	zhuang1bei4	zhuāngbèi	equipment; to equip; to outfit
壮观	壯觀	zhuang4guan1	zhuàngguān	spectacular; magnificent sight
追究	追究	zhui1jiu1	zhuījiū	to investigate; to look into
捉	捉	zhuo1	zhuō	to clutch; to grab; to capture
咨询	咨詢	zi1xun2	zīxún	to consult; to seek advice; consultation
自来水	自來水	zi4lai2shui3	zìláishuǐ	running water; tap water
自我	自我	zi4wo3	zìwǒ	self-; ego (psychology)
自学	自學	zi4xue2	zìxué	self-study; to study on one's own
自言自语	自言自語	zi4yan2zi4yu3	zìyánzìyǔ	to talk to oneself; to think aloud; to soliloquize
自在	自在	zi4zai5	zìzai	comfortable; at ease
宗教	宗教	zong1jiao4	zōngjiào	religion
总部	總部	zong3bu4	zǒngbù	general headquarters
总监	總監	zong3jian1	zǒngjiān	head; director (of an organizational unit); (police) commissioner
总经理	總經理	zong3jing1li3	zǒngjīnglǐ	general manager; CEO
总量	總量	zong3liang4	zǒngliàng	total; overall amount
走私	走私	zou3si1	zǒusī	to smuggle; to have an illicit affair
奏	奏	zou4	zòu	to play music; to achieve; to present a memorial to the emperor (old)
租金	租金	zu1jin1	zūjīn	rent
足	足	zu2	zú	foot; to be sufficient; ample
足以	足以	zu2yi3	zúyǐ	sufficient to...; so much so that; so that
族	族	zu2	zú	ethnic group; clan; nationality; (suffix) social group (e.g. 上班族)
祖父	祖父	zu3fu4	zǔfù	father's father; paternal grandfather
祖国	祖國	zu3guo2	zǔguó	motherland
祖母	祖母	zu3mu3	zǔmǔ	father's mother; paternal grandmother
钻	鑽	zuan1	zuān	to drill; to bore; to get into
最佳	最佳	zui4jia1	zuìjiā	optimum; optimal; peak
最终	最終	zui4zhong1	zuìzhōng	final; ultimate
罪	罪	zui4	zuì	guilt; crime; fault
罪恶	罪惡	zui4e4	zuìè	crime; evil; sin
作	作	zuo4	zuò	to do; to engage in; to write; to compose; to pretend; to feign
作废	作廢	zuo4fei4	zuòfèi	to become invalid; to cancel; to delete
作战	作戰	zuo4zhan4	zuòzhàn	combat; to fight
座谈会	座談會	zuo4tan2hui4	zuòtánhuì	conference; symposium; rap session
